month,equity,bond,cash,inflation
1871-02,0.00813033,-0.00795023,0.001875,0.00230323
1871-03,0.03158395,0.0110265,0.00260417,0.00230323
1871-04,0.03532128,0.0039438,0.00208333,0.00230323
1871-05,0.01868051,0.00271083,0.00197917,0.00230323
1871-06,-0.01155351,0.00240352,0.0019275,0.00230323
1871-07,-0.01355899,0.01736711,0.001875,0.00230323
1871-08,0.02615426,-0.00198299,0.00140667,0.00345088
1871-09,0.00198559,-0.00957742,0.00145833,0.00345088
1871-10,-0.03862374,0.00149359,0.00328167,0.00345088
1871-11,0.03111126,0.00671798,0.00291667,0.00345088
1871-12,0.04319811,0.00641339,0.00260417,0.00345088
1872-01,0.02941574,0.00023854,0.0021875,0.00345088
1872-02,0.00120391,-0.00249764,0.00244833,0.00345088
1872-03,0.04646113,0.00671798,0.0025,0.00345088
1872-04,0.02471092,0.00117615,0.00291667,0.00345088
1872-05,-0.0267969,0.00363666,0.00322917,0.00345088
1872-06,-0.00885762,0.00579416,0.003125,0.00345088
1872-07,-0.00596071,0.00147302,0.00234417,0.00345088
1872-08,0.00034774,0.00025125,0.002865,0.00065083
1872-09,0.0061195,-0.00278202,0.00270833,0.00065083
1872-10,0.01118374,-0.00152745,0.00395833,0.00065083
1872-11,0.00394,0.00701564,0.00474,0.00065083
1872-12,0.01716431,0.00487115,0.0046875,0.00065083
1873-01,0.00657241,0.0045627,0.00375,0.00065083
1873-02,0.00071266,0.00425349,0.00291667,0.00065083
1873-03,-0.01624787,0.00118136,0.00291667,0.00065083
1873-04,-0.0291161,0.00950846,0.00333333,0.00065083
1873-05,0.0047519,0.0027,0.0031775,0.00065083
1873-06,-0.0018679,-0.00037692,0.005625,0.00065083
1873-07,0.01404545,0.0045579,0.004375,0.00065083
1873-08,0.01573274,-6.334e-05,0.00260417,-0.00386148
1873-09,-0.04069612,-0.00400672,0.00270833,-0.00386148
1873-10,-0.05170458,0.00120478,0.00395833,-0.00386148
1873-11,-0.03447246,0.01041382,0.00583333,-0.00386148
1873-12,0.08789869,0.00026077,0.00375,-0.00386148
1874-01,0.05193805,0.00302573,0.0031775,-0.00386148
1874-02,0.02451381,0.00027185,0.002865,-0.00386148
1874-03,-0.00738775,-0.00305183,0.0028125,-0.00386148
1874-04,-0.03630182,0.00978309,0.00291667,-0.00386148
1874-05,-0.01536311,0.00795405,0.0031775,-0.00386148
1874-06,0.01308875,0.00394017,0.00229167,-0.00386148
1874-07,0.01977179,0.00147302,0.00177083,-0.00386148
1874-08,0.00948289,0.00147787,0.0025,-0.00125323
1874-09,0.02764723,-0.00279207,0.00229167,-0.00125323
1874-10,0.00048351,0.00548488,0.0025,-0.00125323
1874-11,0.00475687,0.00271833,0.00291667,-0.00125323
1874-12,-0.01000892,-0.0003379,0.00458333,-0.00125323
1875-01,-0.00066395,0.01135799,0.004375,-0.00125323
1875-02,-0.00662673,0.0039379,0.0025,-0.00125323
1875-03,0.01520738,-0.00129631,0.0028125,-0.00125323
1875-04,0.01584287,0.01201893,0.0028125,-0.00125323
1875-05,-0.04502725,-0.00102359,0.00260417,-0.00125323
1875-06,-0.02494357,0.00891667,0.0028125,-0.00125323
1875-07,0.02999628,0.01527759,0.00270833,-0.00125323
1875-08,0.02453097,-0.00080677,0.00177083,0.00017213
1875-09,-0.01393192,-0.00451234,0.00140667,0.00017213
1875-10,-0.00955922,0.00642769,0.00161083,0.00017213
1875-11,0.0305781,0.00016807,0.0025,0.00017213
1875-12,0.00651863,0.00548685,0.00213583,0.00017213
1876-01,0.0334604,0.00235054,0.00302083,0.00017213
1876-02,0.01190035,0.00423058,0.002865,0.00017213
1876-03,-0.00519554,-0.0026376,0.00302083,0.00017213
1876-04,-0.02057475,0.01338283,0.00244833,0.00017213
1876-05,-0.02804425,-0.0001808,0.00119417,0.00017213
1876-06,-0.00037237,-0.0017244,0.0013025,0.00017213
1876-07,-0.0011298,0.03228509,0.00104167,0.00017213
1876-08,-0.02747927,-0.00444491,0.00083333,-5.733e-05
1876-09,-0.03838262,-0.00311488,0.0009375,-5.733e-05
1876-10,0.00730545,-0.00651219,0.000625,-5.733e-05
1876-11,-0.00484411,0.00044596,0.00104167,-5.733e-05
1876-12,0.01062588,0.00108279,0.00125,-5.733e-05
1877-01,0.01180535,0.01956713,0.00114583,-5.733e-05
1877-02,-0.04528941,0.00261167,0.0009375,-5.733e-05
1877-03,-0.03873495,0.00261167,0.00145833,-5.733e-05
1877-04,-0.0820453,-0.02620767,0.00145833,-5.733e-05
1877-05,-0.00418826,0.01270482,0.00229167,-5.733e-05
1877-06,-0.05110727,0.00832822,0.0021875,-5.733e-05
1877-07,0.05567304,0.0017041,0.00151083,-5.733e-05
1877-08,0.08563105,0.00675483,0.00114583,-0.00255923
1877-09,0.08702316,0.0045373,0.00229167,-0.00255923
1877-10,0.03308498,0.00740213,0.00307333,-0.00255923
1877-11,-0.00872074,0.00966392,0.00270833,-0.00255923
1877-12,0.00037585,-0.01128556,0.00270833,-0.00255923
1878-01,0.013327,0.005489,0.0025,-0.00255923
1878-02,-0.01700599,0.0026325,0.00125,-0.00255923
1878-03,0.02415436,-0.01110462,0.00224,-0.00255923
1878-04,0.03704978,0.00454593,0.00375,-0.00255923
1878-05,0.0107238,0.02865903,0.00224,-0.00255923
1878-06,0.02499447,-0.00219413,0.00140583,-0.00255923
1878-07,0.02838153,-0.00499781,0.00239583,-0.00255923
1878-08,-0.00496211,-0.00772215,0.00322917,-0.00380466
1878-09,0.02771505,0.00140353,0.00364583,-0.00380466
1878-10,-0.00500002,-0.00695837,0.00463583,-0.00380466
1878-11,0.00320368,0.02165517,0.00463583,-0.00380466
1878-12,-0.00339993,0.00105755,0.0038025,-0.00380466
1879-01,0.04129973,0.01737414,0.00359417,-0.00380466
1879-02,0.03772015,4.576e-05,0.00224,-0.00380466
1879-03,-0.01185873,0.00774642,0.00203167,-0.00380466
1879-04,0.03792418,0.01957736,0.00140667,-0.00380466
1879-05,0.04736019,0.00124704,0.00099,-0.00380466
1879-06,0.00924662,-0.00166715,0.00125,-0.00380466
1879-07,0.03030374,0.00680589,0.00078167,-0.00380466
1879-08,0.01698673,-0.00521199,0.00078167,0.00165645
1879-09,0.04086483,0.00128218,0.0009375,0.00165645
1879-10,0.11289788,0.00128718,0.00072917,0.00165645
1879-11,0.05764747,0.00907939,0.0013025,0.00165645
1879-12,-0.00174158,0.0009432,0.00145833,0.00165645
1880-01,0.03919671,0.01338884,0.00197917,0.00165645
1880-02,0.0177174,-0.00591087,0.00140667,0.00165645
1880-03,0.0185402,0.00061655,0.00234417,0.00165645
1880-04,-0.01906655,0.0104166,0.00213583,0.00165645
1880-05,-0.07734133,0.00254833,0.0025,0.00165645
1880-06,0.00935485,0.00714754,0.00234417,0.00165645
1880-07,0.05595744,-0.00463881,0.00145833,0.00165645
1880-08,0.04330456,-0.00392588,0.00166667,-0.00103771
1880-09,0.00240491,0.00127717,0.00203167,-0.00103771
1880-10,0.03273338,0.01702017,0.00182333,-0.00103771
1880-11,0.05884893,0.01248528,0.00145833,-0.00103771
1880-12,0.04617485,-0.00276371,0.0019275,-0.00103771
1881-01,0.06078723,-0.00108819,0.0021875,-0.00103771
1881-02,-0.00302004,0.00517175,0.0028125,-0.00103771
1881-03,0.02020321,0.0088289,0.00213583,-0.00103771
1881-04,-0.00241042,0.01222207,0.00203167,-0.00103771
1881-05,0.04375301,0.06585691,0.0015625,-0.00103771
1881-06,0.01732047,-0.00892281,0.00145833,-0.00103771
1881-07,-0.03046104,-0.00253618,0.00145833,-0.00103771
1881-08,-0.01663272,0.000282,0.00145833,0.00012283
1881-09,0.01222896,-0.02016452,0.0031775,0.00012283
1881-10,-0.01142884,0.00278093,0.0028125,0.00012283
1881-11,0.00953651,0.01175189,0.00322917,0.00012283
1881-12,-0.02458418,-0.00033614,0.0031775,0.00012283
1882-01,-0.01588538,0.00036277,0.0034375,0.00012283
1882-02,-0.02311804,-0.0057441,0.0038025,0.00012283
1882-03,0.00339424,0.00586397,0.00375,0.00012283
1882-04,0.00431456,5.335e-05,0.00208333,0.00012283
1882-05,-0.00794233,0.00586497,0.00213583,0.00012283
1882-06,0.00102082,-0.00334368,0.00208333,0.00012283
1882-07,0.06262542,-0.00262359,0.00203167,0.00012283
1882-08,0.03302335,-0.0148239,0.001615,0.0
1882-09,0.0154123,0.00283922,0.0031775,0.0
1882-10,-0.01825909,0.03018868,0.00375,0.0
1882-11,-0.03564541,0.01036117,0.00291667,0.0
1882-12,0.00972555,0.00104318,0.0031775,0.0
1883-01,-0.00264031,0.01320136,0.0034375,0.0
1883-02,-0.01877688,0.00309256,0.00270833,0.0
1883-03,0.02232882,0.00135225,0.0025,0.0
1883-04,0.02151527,0.01151711,0.00239583,0.0
1883-05,-0.01565767,-0.00285794,0.0025,0.0
1883-06,0.01041097,0.01118805,0.0030625,0.0
1883-07,-0.0089442,-0.00808182,0.0028125,0.0
1883-08,-0.03851587,0.00413709,0.00322917,-0.00291448
1883-09,0.01815209,0.00588973,0.00291667,-0.00291448
1883-10,-0.02014975,0.00413377,0.001875,-0.00291448
1883-11,0.01925677,0.0202266,0.001875,-0.00291448
1883-12,-0.01713771,0.00771823,0.001875,-0.00291448
1884-01,-0.02897314,0.01028115,0.00229167,-0.00291448
1884-02,0.02879655,0.00121913,0.00208333,-0.00291448
1884-03,-0.00114541,0.00158355,0.00276,-0.00291448
1884-04,-0.04008677,0.02069661,0.00197917,-0.00291448
1884-05,-0.07176182,6.4e-05,0.00114583,-0.00291448
1884-06,-0.03181721,0.00374088,0.0015625,-0.00291448
1884-07,0.00814813,0.00967216,0.00114583,-0.00291448
1884-08,0.06954488,0.0048492,0.0009375,-0.00293716
1884-09,-0.02676339,-0.00182154,0.00125,-0.00293716
1884-10,-0.02531866,-0.008353,0.00135417,-0.00293716
1884-11,-0.01545046,-0.0024541,0.00239583,-0.00293716
1884-12,0.00300548,-0.00314168,0.00364583,-0.00293716
1885-01,-0.0194145,0.0030263,0.00354167,-0.00293716
1885-02,0.03460668,-0.04564757,0.0028125,-0.00293716
1885-03,0.00869659,-0.0191839,0.0028125,-0.00293716
1885-04,0.00029017,0.00044828,0.00260417,-0.00293716
1885-05,-0.00754979,0.03266154,0.00213583,-0.00293716
1885-06,0.00475922,0.03279137,0.000625,-0.00293716
1885-07,0.04349724,-0.00793102,0.000625,-0.00293716
1885-08,0.05947482,-0.00011588,0.000625,-0.0007516
1885-09,-0.00477453,-0.00464933,0.00125,-0.0007516
1885-10,0.06150126,-0.00250565,0.00119833,-0.0007516
1885-11,0.07036311,0.00588934,0.00151083,-0.0007516
1885-12,-0.0085208,0.00378287,0.00177083,-0.0007516
1886-01,-0.0002375,0.00307901,0.0025525,-0.0007516
1886-02,0.02311846,0.01732777,0.00119833,-0.0007516
1886-03,-0.01659592,-0.01031295,0.00114583,-0.0007516
1886-04,-0.00892057,0.00342643,0.00125,-0.0007516
1886-05,-0.01686905,0.00272032,0.0013025,-0.0007516
1886-06,0.04947823,0.01520172,0.00114583,-0.0007516
1886-07,0.02183001,0.00020303,0.000875,-0.0007516
1886-08,0.01788118,-0.00261325,0.0009375,-0.00169411
1886-09,0.02921566,0.0037721,0.00213583,-0.00169411
1886-10,0.02976472,-0.00503833,0.00208333,-0.00169411
1886-11,0.02744428,0.00272032,0.00270833,-0.00169411
1886-12,-0.02150581,0.00377744,0.00239583,-0.00169411
1887-01,-0.01439111,-0.00254639,0.0034375,-0.00169411
1887-02,-0.00617955,0.00027573,0.0025,-0.00169411
1887-03,0.02974374,0.01227832,0.00265667,-0.00169411
1887-04,0.02475625,0.02292027,0.00135417,-0.00169411
1887-05,0.02132221,0.01955771,0.0009375,-0.00169411
1887-06,-0.02052089,0.00117113,0.00078167,-0.00169411
1887-07,-0.02026446,0.00854408,0.00104167,-0.00169411
1887-08,-0.02093681,0.00262817,0.00119833,-0.00017145
1887-09,-0.00903461,-0.00433991,0.00234417,-0.00017145
1887-10,-0.03183403,0.01114907,0.0031775,-0.00017145
1887-11,0.02307572,0.00410587,0.00260417,-0.00017145
1887-12,-0.00284036,0.01311059,0.00260417,-0.00017145
1888-01,0.01023323,0.01627741,0.00224,-0.00017145
1888-02,-0.00083084,-7.942e-05,0.00130167,-0.00017145
1888-03,-0.0367708,0.01680893,0.00145833,-0.00017145
1888-04,0.00758274,-0.00470535,0.00104167,-0.00017145
1888-05,0.01559667,-0.00539613,0.00125,-0.00017145
1888-06,-0.02721306,0.00638486,0.0015625,-0.00017145
1888-07,0.03102151,0.00295161,0.0009375,-0.00017145
1888-08,0.02722987,-0.00273778,0.00140667,0.000684
1888-09,0.02719382,-0.00681323,0.00234417,0.000684
1888-10,-0.00206414,-0.00226681,0.00322917,0.000684
1888-11,-0.0168516,-0.00556015,0.0025,0.000684
1888-12,-0.0166159,0.01463871,0.00333333,0.000684
1889-01,0.02315593,0.01553728,0.00333333,0.000684
1889-02,0.01522075,0.00257066,0.00177083,0.000684
1889-03,-0.01767963,-0.00160302,0.00229167,0.000684
1889-04,0.00130412,0.00295651,0.00208333,0.000684
1889-05,0.03055437,0.0056231,0.00135417,0.000684
1889-06,0.02094204,-0.00273778,0.00119833,0.000684
1889-07,-0.01513736,0.0075325,0.00114583,0.000684
1889-08,0.01811872,-0.0064983,0.00135417,0.00033985
1889-09,0.02606975,-0.00825671,0.00296833,0.00033985
1889-10,-0.01190709,0.00335233,0.00361083,0.00033985
1889-11,-0.00294131,0.00560588,0.00302083,0.00033985
1889-12,-0.00116393,0.00072075,0.0034375,0.00033985
1890-01,0.01184743,0.00222333,0.00328167,0.00033985
1890-02,-0.00931546,0.00110016,0.00354167,0.00033985
1890-03,-0.00182322,0.00522996,0.00375,0.00033985
1890-04,0.02067384,0.00864396,0.0021875,0.00033985
1890-05,0.04892421,0.00637957,0.0015625,0.00033985
1890-06,-0.0064331,-0.01422821,0.00145833,0.00033985
1890-07,-0.0061228,-0.00333543,0.00291667,0.00033985
1890-08,-0.01807663,0.00113265,0.00322917,0.00067568
1890-09,-0.00830265,-0.01236704,0.00291667,0.00067568
1890-10,-0.04365819,-0.00027019,0.00395833,0.00067568
1890-11,-0.06926113,0.02160316,0.0040625,0.00067568
1890-12,-0.01609967,-0.00549718,0.00395833,0.00067568
1891-01,0.05124172,0.02103665,0.0034375,0.00067568
1891-02,0.01369155,-0.00449475,0.00114583,0.00067568
1891-03,-0.01575612,0.00485197,0.0025,0.00067568
1891-04,0.03630139,-0.00776796,0.00197917,0.00067568
1891-05,0.00027929,-0.0029057,0.0028125,0.00067568
1891-06,-0.01619433,0.00410752,0.00322917,0.00067568
1891-07,-0.00973575,0.00447727,0.00125,0.00067568
1891-08,0.03933368,0.0011451,0.00135417,0.00033574
1891-09,0.08882432,-0.00653216,0.0015625,0.00033574
1891-10,0.0044939,0.00484558,0.00224,0.00033574
1891-11,-0.0121855,0.00227,0.00276083,0.00033574
1891-12,0.03282399,0.00706528,0.0028125,0.00033574
1892-01,0.02000724,0.00447728,0.00197917,0.00033574
1892-02,0.00029623,0.00522043,0.0015625,0.00033574
1892-03,0.01393477,0.00298962,0.00213583,0.00033574
1892-04,0.00116882,0.01009924,0.0015625,0.00033574
1892-05,0.00334615,0.0109043,0.0009375,0.00033574
1892-06,-0.00258212,-0.00527867,0.00078167,0.00033574
1892-07,0.00328148,0.0041013,0.00072917,0.00033574
1892-08,0.01855692,0.0025969,0.00072917,-0.00160539
1892-09,-0.02026439,0.00598731,0.00088583,-0.00160539
1892-10,0.02632799,-0.00266006,0.00083333,-0.00160539
1892-11,-0.00128529,0.00787731,0.00208333,-0.00160539
1892-12,-0.00899488,0.01172377,0.00197917,-0.00160539
1893-01,0.02156796,0.00409621,0.00145833,-0.00160539
1893-02,-0.01445767,0.00409569,0.0009375,-0.00160539
1893-03,-0.03172422,0.00409518,0.00166667,-0.00160539
1893-04,0.00205762,0.00795117,0.00125,-0.00160539
1893-05,-0.08555592,-0.00736607,0.001875,-0.00160539
1893-06,-0.03867824,0.00870924,0.00333333,-0.00160539
1893-07,-0.08418315,0.0010218,0.00145833,-0.00160539
1893-08,-0.023455,-0.01292587,0.00166667,-0.00224752
1893-09,0.07642002,0.0132762,0.00375,-0.00224752
1893-10,0.03776157,-0.00199759,0.00145833,-0.00224752
1893-11,0.01963014,0.00639097,0.00239583,-0.00224752
1893-12,-0.03460869,0.00524612,0.00197917,-0.00224752
1894-01,-0.01525649,0.00563422,0.00197917,-0.00224752
1894-02,0.01693156,0.0103024,0.00166667,-0.00224752
1894-03,0.0320499,0.00525967,0.00125,-0.00224752
1894-04,0.01765274,0.00448145,0.00114583,-0.00224752
1894-05,-0.03361629,0.00998929,0.00114583,-0.00224752
1894-06,-0.00922195,0.0076482,0.00072917,-0.00224752
1894-07,-0.01531642,0.00329697,0.00054667,-0.00224752
1894-08,0.04373474,0.01127982,0.00052083,-0.00114757
1894-09,0.02256746,-0.00148569,0.00046917,-0.00114757
1894-10,-0.02952242,-0.00028062,0.00052083,-0.00114757
1894-11,0.00403137,0.01617002,0.00046917,-0.00114757
1894-12,-0.0073499,0.00610885,0.00083333,-0.00114757
1895-01,-0.0084342,0.02056068,0.00078167,-0.00114757
1895-02,-0.00914464,-0.00894811,0.00052083,-0.00114757
1895-03,0.00275116,0.00777363,0.00122417,-0.00114757
1895-04,0.04655101,0.00779491,0.00086083,-0.00114757
1895-05,0.06168143,0.009066,0.0006775,-0.00114757
1895-06,0.02076597,0.01501586,0.0005725,-0.00114757
1895-07,0.00664857,-0.0017743,0.00046917,-0.00114757
1895-08,0.01781051,0.00830199,0.00052083,-0.00017805
1895-09,0.01103116,0.00451118,0.00052083,-0.00017805
1895-10,-0.00844848,-0.00263936,0.00052083,-0.00017805
1895-11,-0.0324791,-0.0038548,0.00057333,-0.00017805
1895-12,-0.05572898,0.00702895,0.0009375,-0.00017805
1896-01,-0.00750922,0.00916655,0.00104167,-0.00017805
1896-02,0.04786385,0.01741073,0.00078167,-0.00017805
1896-03,-0.01225626,0.00495409,0.00078083,-0.00017805
1896-04,0.01133213,0.01899787,0.00057333,-0.00017805
1896-05,-0.00133568,0.01475391,0.00059917,-0.00017805
1896-06,-0.01359351,0.0032118,0.00070333,-0.00017805
1896-07,-0.06115086,0.00410154,0.0006775,-0.00017805
1896-08,-0.05076136,-0.00694029,0.00059917,0.00167783
1896-09,0.06300595,-0.02470719,0.00122417,0.00167783
1896-10,0.02571927,-0.00866871,0.001875,0.00167783
1896-11,0.0691729,0.03033522,0.0025,0.00167783
1896-12,-0.03573202,-0.00113696,0.0020575,0.00167783
1897-01,0.0030404,0.01783012,0.00302083,0.00167783
1897-02,-0.00523204,0.00011977,0.00177083,0.00167783
1897-03,0.00501549,-0.0011913,0.00161417,0.00167783
1897-04,-0.02808565,0.00277484,0.00125,0.00167783
1897-05,0.00901317,0.01122583,0.00114583,0.00167783
1897-06,0.05059847,0.00010038,0.0008075,0.00167783
1897-07,0.04823651,0.00187833,0.00083333,0.00167783
1897-08,0.07083317,-0.0060442,0.00072917,0.00147298
1897-09,0.05308133,-0.0020523,0.0015625,0.00147298
1897-10,-0.02792915,0.00146262,0.00177083,0.00147298
1897-11,-0.03368681,0.01612389,0.00242167,0.00147298
1897-12,0.02472949,0.00231964,0.0025,0.00147298
1898-01,0.03171305,-0.00299309,0.00244833,0.00147298
1898-02,0.00047624,0.00232601,0.00226583,0.00147298
1898-03,-0.03991917,-0.00689328,0.00231833,0.00147298
1898-04,-0.01315852,-0.00159887,0.0024225,0.00147298
1898-05,0.06514901,0.00541614,0.00296917,0.00147298
1898-06,0.04142167,-0.00116295,0.00166667,0.00147298
1898-07,0.00764531,-0.00158236,0.00088583,0.00147298
1898-08,0.04149646,-0.00113049,0.0013025,-0.0008623
1898-09,0.00296765,-0.00240963,0.00151083,-0.0008623
1898-10,-0.01802271,-0.00750409,0.0021875,-0.0008623
1898-11,0.03427399,0.0185019,0.00307333,-0.0008623
1898-12,0.06655449,0.00584951,0.00302083,-0.0008623
1899-01,0.07931227,0.00321906,0.00244833,-0.0008623
1899-02,0.03875974,-0.00028281,0.0017975,-0.0008623
1899-03,0.01654834,0.0010333,0.00177083,-0.0008623
1899-04,0.01348832,-0.0028722,0.00177083,-0.0008623
1899-05,-0.0405766,-0.00455918,0.00171917,-0.0008623
1899-06,-0.02079613,-0.01629806,0.0020575,-0.0008623
1899-07,0.03848586,-0.01059172,0.00166667,-0.0008623
1899-08,0.03030881,-0.00548736,0.002865,0.00332057
1899-09,-0.00738737,-0.01070951,0.0026825,0.00332057
1899-10,-0.00317948,0.0032637,0.0034375,0.00332057
1899-11,0.02233128,-0.01492683,0.00328167,0.00332057
1899-12,-0.06677362,-0.02846421,0.00489583,0.00332057
1900-01,0.01565924,0.01601806,0.00479167,0.00332057
1900-02,0.02095299,0.00488552,0.00296917,0.00332057
1900-03,0.01371972,0.00649065,0.00307333,0.00332057
1900-04,0.01345641,-0.00308399,0.00325583,0.00332057
1900-05,-0.04570363,0.0048869,0.00338583,0.00332057
1900-06,-0.02419186,-0.00148569,0.00224,0.00332057
1900-07,0.00412389,-0.0279603,0.00200583,0.00332057
1900-08,0.01588097,0.00758675,0.00338583,-0.00025034
1900-09,-0.01821069,0.00526004,0.003125,-0.00025034
1900-10,0.04572503,0.00565431,0.0033075,-0.00025034
1900-11,0.08200029,-0.00637068,0.003125,-0.00025034
1900-12,0.06325471,-0.00131321,0.00333333,-0.00025034
1901-01,0.02854136,-0.0070013,0.0034375,-0.00025034
1901-02,0.02743654,0.00755678,0.00341167,-0.00025034
1901-03,0.03942733,-0.01295204,0.00328167,-0.00025034
1901-04,0.08611564,-0.01525497,0.00306917,-0.00025034
1901-05,-0.04698748,-0.00403205,0.00276083,-0.00025034
1901-06,0.10300418,0.00151976,0.00302083,-0.00025034
1901-07,-0.06279235,-0.00214774,0.00224,-0.00025034
1901-08,0.0173982,0.01755627,0.00216167,0.0
1901-09,0.00207987,-0.00955571,0.00182333,0.0
1901-10,-0.00899649,-0.00722738,0.001875,0.0
1901-11,0.02199998,-0.00818976,0.00276083,0.0
1901-12,-0.01153767,0.03590212,0.00283917,0.0
1902-01,0.02404597,0.00485226,0.002735,0.0
1902-02,0.01157787,-0.00038625,0.0025,0.0
1902-03,0.00415176,0.00148651,0.00229167,0.0
1902-04,0.03679894,0.00635402,0.00211,0.0
1902-05,0.00156152,0.02521351,0.00237,0.0
1902-06,-0.00303557,-0.00542956,0.00229167,0.0
1902-07,0.02519066,-0.0042307,0.00213583,0.0
1902-08,0.03073253,-0.00566523,0.0021875,0.00091481
1902-09,0.00824677,-0.01035994,0.00239583,0.00091481
1902-10,-0.02901096,-0.00216985,0.00265667,0.00091481
1902-11,-0.0367773,-0.00031092,0.002995,0.00091481
1902-12,-0.01939146,0.00558608,0.00322917,0.00091481
1903-01,0.054407,0.00521858,0.00296917,0.00091481
1903-02,-0.00345057,-0.01088535,0.00278667,0.00091481
1903-03,-0.03538915,-0.01528569,0.00294333,0.00091481
1903-04,-0.03742594,0.02244121,0.00309917,0.00091481
1903-05,-0.01715313,-0.00390124,0.00289083,0.00091481
1903-06,-0.05155152,0.0022925,0.0026825,0.00091481
1903-07,-0.04038973,-0.00241083,0.0020575,0.00091481
1903-08,-0.02573151,-0.00807977,0.00211,-0.00033129
1903-09,-0.02071127,-0.02007362,0.0024225,-0.00033129
1903-10,-0.02714943,0.00028513,0.0034375,-0.00033129
1903-11,0.0115964,0.00871272,0.0031775,-0.00033129
1903-12,0.05101122,-0.00043323,0.00333333,-0.00033129
1904-01,0.01963843,-0.00527467,0.0028125,-0.00033129
1904-02,-0.02354476,-0.01871414,0.00247417,-0.00033129
1904-03,-0.00076612,0.00552127,0.00260417,-0.00033129
1904-04,0.02813828,0.03853342,0.00244833,-0.00033129
1904-05,-0.01617589,0.01128038,0.0019275,-0.00033129
1904-06,0.00492844,0.00376427,0.0015625,-0.00033129
1904-07,0.04573054,-0.01935507,0.001745,-0.00033129
1904-08,0.03646219,0.00028826,0.00239583,0.0003314
1904-09,0.05120959,0.00941738,0.00237,0.0003314
1904-10,0.06380995,-0.00668524,0.001875,0.0003314
1904-11,0.0556664,0.00204431,0.00237,0.0003314
1904-12,0.01259243,0.01117451,0.0025,0.0003314
1905-01,0.02348894,0.0016705,0.0021875,0.0003314
1905-02,0.04698804,0.02572187,0.0020575,0.0003314
1905-03,0.03405583,0.01211325,0.00197917,0.0003314
1905-04,-0.00902689,-0.01200354,0.00177083,0.0003314
1905-05,-0.04743121,0.00019027,0.00177083,0.0003314
1905-06,0.0144812,0.00162282,0.00167833,0.0003314
1905-07,0.03524566,0.00735362,0.00169333,0.0003314
1905-08,0.04052381,0.00268426,0.00145833,-8.271e-05
1905-09,0.00856961,-0.00725966,0.00169333,-8.271e-05
1905-10,0.01553432,-0.01509233,0.0026825,-8.271e-05
1905-11,-0.00265652,0.01154087,0.00333333,-8.271e-05
1905-12,0.02867958,0.00803122,0.00309917,-8.271e-05
1906-01,0.03560255,0.00876671,0.00333333,-8.271e-05
1906-02,-0.00429518,0.0073517,0.00307333,-8.271e-05
1906-03,-0.01916162,0.00628149,0.00302083,-8.271e-05
1906-04,-0.00872035,0.00195901,0.0026825,-8.271e-05
1906-05,-0.02406711,-0.01115123,0.0028125,-8.271e-05
1906-06,0.01551758,-0.01163029,0.00291667,-8.271e-05
1906-07,-0.02103578,-0.003868,0.00270833,-8.271e-05
1906-08,0.07761062,-0.0031276,0.00265667,0.00131452
1906-09,0.03649637,-0.00171547,0.002865,0.00131452
1906-10,-0.0293141,-0.00542733,0.00362,0.00131452
1906-11,0.02196965,0.00896863,0.00487,0.00131452
1906-12,-0.00138405,-0.00507502,0.00463583,0.00131452
1907-01,-0.02813009,0.01382348,0.00474,0.00131452
1907-02,-0.02662568,-0.0030703,0.00390667,0.00131452
1907-03,-0.09306585,-0.01043391,0.00403667,0.00131452
1907-04,0.0051912,0.00483696,0.0044275,0.00131452
1907-05,-0.03234989,-0.01324223,0.0026825,0.00131452
1907-06,-0.02877555,0.00854339,0.002865,0.00131452
1907-07,0.0430135,-0.01598966,0.00302083,0.00131452
1907-08,-0.07049919,-0.01081534,0.00307333,0.00105286
1907-09,-0.00346075,0.007466,0.00338583,0.00105286
1907-10,-0.10321969,0.0081386,0.0031775,0.00105286
1907-11,-0.05573544,-0.00464833,0.00458333,0.00105286
1907-12,0.05949086,0.0117782,0.0050525,0.00105286
1908-01,0.0466313,0.04441039,0.0046875,0.00105286
1908-02,-0.03179363,0.01038598,0.002995,0.00105286
1908-03,0.04703566,0.00972796,0.00276083,0.00105286
1908-04,0.05730313,-0.01102045,0.00203167,0.00105286
1908-05,0.05845032,0.01144485,0.00226583,0.00105286
1908-06,0.00623313,0.00903806,0.00135417,0.00105286
1908-07,0.04123344,-0.0147786,0.00112,0.00105286
1908-08,0.04865502,-0.00303512,0.00119833,0.00016073
1908-09,-0.0069311,0.00107704,0.00125,0.00016073
1908-10,0.016264,-0.01398776,0.0013025,0.00016073
1908-11,0.07257394,-0.00747516,0.0019275,0.00016073
1908-12,0.02480105,0.00417279,0.00195333,0.00016073
1909-01,0.00611829,-0.00639331,0.00190167,0.00016073
1909-02,-0.0248891,0.01217892,0.00213583,0.00016073
1909-03,0.01600268,0.00483906,0.00184917,0.00016073
1909-04,0.04956905,0.01226593,0.00131917,0.00016073
1909-05,0.03676736,0.00079293,0.00104167,0.00016073
1909-06,0.0208363,-0.00254007,0.00127667,0.00016073
1909-07,0.01885099,-0.00481571,0.0013025,0.00016073
1909-08,0.02943197,0.00517317,0.00119833,0.00174929
1909-09,0.00538319,-0.00706214,0.00122417,0.00174929
1909-10,0.00685596,-0.00824005,0.00182333,0.00174929
1909-11,-0.00304942,0.00222801,0.00382833,0.00174929
1909-12,0.01475482,0.0121039,0.00322917,0.00174929
1910-01,-0.01558756,-0.0095056,0.0028125,0.00174929
1910-02,-0.03163731,-0.00454428,0.00213583,0.00174929
1910-03,0.02692022,-0.00192161,0.0019275,0.00174929
1910-04,-0.02152914,0.00194899,0.00309917,0.00174929
1910-05,-0.01139778,0.01693492,0.00302083,0.00174929
1910-06,-0.04295581,0.00977925,0.00276083,0.00174929
1910-07,-0.04433938,-0.0110627,0.00171917,0.00174929
1910-08,0.02761618,-0.00926667,0.001745,0.00023554
1910-09,0.01065024,-0.00375513,0.00260417,0.00023554
1910-10,0.0502978,-0.01210348,0.00302083,0.00023554
1910-11,0.0040372,-0.00139616,0.0034375,0.00023554
1910-12,-0.0229095,0.01211965,0.00338583,0.00023554
1911-01,0.02793313,0.00675716,0.00289083,0.00023554
1911-02,0.02035466,0.00804041,0.00294333,0.00023554
1911-03,-0.00726457,0.02339331,0.00224,0.00023554
1911-04,-0.00050216,-0.00898207,0.00177083,0.00023554
1911-05,0.0258005,3.75e-05,0.0020575,0.00023554
1911-06,0.02508968,-0.01623414,0.00171917,0.00023554
1911-07,-0.00058799,-0.01371396,0.001875,0.00023554
1911-08,-0.04334585,0.00486485,0.00184917,0.00232195
1911-09,-0.05070879,-0.00529031,0.00328167,0.00232195
1911-10,0.00962526,0.02148176,0.0034375,0.00232195
1911-11,0.04404458,-0.00938775,0.00289083,0.00232195
1911-12,0.00998448,-0.00709525,0.00302083,0.00232195
1912-01,0.00372953,0.00211171,0.00309917,0.00232195
1912-02,-0.00502377,0.02141659,0.00289083,0.00232195
1912-03,0.0333432,0.00080933,0.0028125,0.00232195
1912-04,0.03577748,-0.00103747,0.0028125,0.00232195
1912-05,0.00320461,-0.00803633,0.0025,0.00232195
1912-06,0.0035913,-0.00699252,0.00244833,0.00232195
1912-07,0.00471634,-0.03069506,0.00237,0.00232195
1912-08,0.02768187,0.01863344,0.00252667,0.00053214
1912-09,0.01204088,-0.01217251,0.0030475,0.00053214
1912-10,0.00213056,-0.01162424,0.0028125,0.00053214
1912-11,-0.00586753,0.02961086,0.00414083,0.00053214
1912-12,-0.03160846,0.00459102,0.00382833,0.00053214
1913-01,-0.0084866,0.00042624,0.003985,0.00053214
1913-02,-0.03205172,-0.00338719,0.00395833,0.00053214
1913-03,-0.01424636,0.002825,0.00390667,0.00053214
1913-04,0.00467167,0.0090583,0.00369833,0.00053214
1913-05,-0.02202483,-0.00514303,0.00322917,0.00053214
1913-06,-0.04626953,-0.01396213,0.00309917,0.00053214
1913-07,0.01843162,0.00056753,0.00354167,0.00053214
1913-08,0.03231811,0.01546178,0.00341167,0.00209686
1913-09,0.01579714,-0.00035783,0.0030475,0.00209686
1913-10,-0.02667036,-0.0083841,0.00364583,0.00209686
1913-11,-0.02007442,0.00173909,0.00416667,0.00209686
1913-12,0.00366687,-0.00736517,0.003985,0.00209686
1914-01,0.04314473,0.05858,0.00395833,0.00209686
1914-02,0.01907815,-0.00350803,0.00395833,0.00209686
1914-03,-0.0153114,0.00458445,0.00164083,0.00209686
1914-04,-0.02083995,-0.00934768,0.00200583,0.00209686
1914-05,0.00813715,0.00311261,0.00145833,0.00209686
1914-06,-0.00112391,0.00817138,0.00211,0.00209686
1914-07,-0.06077893,-0.06617424,0.00231833,0.00209686
1914-08,-0.06062633,0.00300833,0.00184917,0.0
1914-09,0.06305215,0.00300833,0.004375,0.1
1914-10,0.01298055,0.00300833,0.002865,0.0
1914-11,0.01651258,0.00300833,0.0025525,0.0
1914-12,-0.03426923,0.00300833,0.00234417,0.0
1915-01,0.02836455,-0.00795057,0.00203167,0.0
1915-02,-0.00394441,-0.01153717,0.00112,0.04545455
1915-03,0.03502173,-0.01075785,0.0011975,0.0
1915-04,0.08130786,0.00233192,0.002005,0.0
1915-05,-0.01858959,0.00393122,0.00203167,0.04347826
1915-06,0.01896326,-0.02027094,0.00239583,0.04166667
1915-07,0.0023596,0.003205,0.00349,0.0
1915-08,0.06292359,0.003205,0.00421917,0.0
1915-09,0.04494949,0.003205,0.00401083,0.0
1915-10,0.06068093,0.003205,0.00398417,0.04
1915-11,0.03959069,-0.07382884,0.00408833,0.0
1915-12,-0.00495072,-0.0215626,0.004375,0.03846154
1916-01,-0.02044421,0.01659793,0.00429667,0.0
1916-02,-0.00969137,-0.0155495,0.00429667,0.0
1916-03,0.00029893,-0.00926871,0.004245,0.0
1916-04,-0.00660396,-0.00071103,0.00382833,0.0
1916-05,0.02757657,0.01008641,0.00382833,0.03703704
1916-06,0.01415858,0.06024545,0.00380167,0.03571429
1916-07,-0.00938568,-0.01727526,0.00427083,0.0
1916-08,0.01224901,0.00350167,0.00471333,0.0
1916-09,0.04580639,0.00780377,0.00466167,0.03448276
1916-10,0.03562586,-0.05501918,0.00466167,0.0
1916-11,0.02763193,-0.01419722,0.00466167,0.06666667
1916-12,-0.03558603,0.00377083,0.00460917,0.03125
1917-01,-0.01861565,-0.0550894,0.00453167,0.0
1917-02,-0.05136102,0.00650875,0.00421917,0.0
1917-03,0.03647564,0.02312119,0.00427083,0.03030303
1917-04,-0.00984533,0.03934521,0.00395833,0.0
1917-05,-0.0280203,0.01266652,0.0039325,0.02941176
1917-06,0.02619451,-0.01859826,0.00395833,0.0
1917-07,-0.02179388,0.03034924,0.00385417,0.02857143
1917-08,-0.02344805,0.01159894,0.00398417,0.0
1917-09,-0.04164224,-0.02316183,0.00385417,0.0
1917-10,-0.04732861,0.02912779,0.00398417,-0.02777778
1917-11,-0.07596354,0.00372,0.00398417,0.05714286
1917-12,-0.0259233,-0.01968844,0.00398417,0.0
1918-01,0.06862745,0.00032105,0.003385,0.0
1918-02,0.03825705,0.0038225,0.003385,0.02702703
1918-03,-0.012786,0.00143016,0.002995,0.0
1918-04,-0.00238432,0.01996426,0.002995,0.0
1918-05,0.03929727,0.02406396,0.00296917,0.02631579
1918-06,0.00861221,-0.00280058,0.00291667,0.02564103
1918-07,0.01498881,0.01481853,0.00283833,0.0
1918-08,0.01566327,0.01259142,0.0029425,0.05
1918-09,0.00131926,0.06372419,0.00291667,0.0
1918-10,0.0489611,0.00247195,0.0029425,0.02380952
1918-11,0.03159457,-0.0132154,0.0029425,0.02325581
1918-12,-0.01375088,-0.10150366,0.0029425,0.0
1919-01,-0.00056101,-0.02884399,0.00263,0.0
1919-02,0.01001341,-0.00574692,0.00302083,-0.02229299
1919-03,0.04736925,0.00042646,0.002995,-0.02361564
1919-04,0.05077597,0.02252269,0.00317667,-0.02335279
1919-05,0.07347424,-0.01045805,0.00382833,0.0
1919-06,0.04213724,0.16212894,0.00466167,0.00939368
1919-07,0.08249706,-0.03551904,0.00291667,0.03891709
1919-08,-0.02808415,0.0455346,0.0029425,0.0
1919-09,0.0435751,-0.0556667,0.0029425,0.0228013
1919-10,0.05475634,0.01499613,0.00296917,0.02308917
1919-11,-0.00441032,-0.01419722,0.00291667,0.0
1919-12,0.04860874,-0.07426503,0.0028125,0.0
1920-01,0.03109092,-0.00439485,0.00479167,0.02023346
1920-02,0.00331623,-0.01334225,0.00466167,0.00152555
1920-03,-0.02383688,-0.07258378,0.0049225,0.00913938
1920-04,-0.05503486,0.03319971,0.00466167,0.03849057
1920-05,-0.03741115,0.0110622,0.005495,0.0377907
1920-06,-0.03750647,-0.00742157,0.005625,0.00770308
1920-07,0.02627527,-0.00355435,0.0055475,0.01181376
1920-08,0.03107853,-0.00637557,0.00559917,0.02335165
1920-09,0.07439587,0.00600328,0.00557333,0.0114094
1920-10,0.01684533,-0.01869564,0.00559917,0.04578633
1920-11,-0.03479529,-0.01339757,0.0055475,-0.02538071
1920-12,-0.09831936,0.01742307,0.0055475,-0.01497396
1921-01,-0.01992355,0.08635961,0.00552083,-0.05287508
1921-02,-0.03568403,-0.04659624,0.00552083,-0.03977669
1921-03,-0.02839697,0.06370199,0.00565167,-0.03343023
1921-04,0.00570684,-0.01443491,0.00515667,-0.02105263
1921-05,0.02429811,-0.02167833,0.00474,-0.03917051
1921-06,-0.02688686,0.01862827,0.00474,0.0
1921-07,0.04421352,0.0448493,0.00434917,0.01358913
1921-08,-0.01215135,-0.0237969,0.00375,-0.00946372
1921-09,0.01153283,0.01614212,0.00388083,-0.04538217
1921-10,-0.01970275,0.016627,0.00375,-0.03336113
1921-11,0.03361783,0.00485151,0.003125,-0.01984469
1921-12,-0.00574195,0.02972361,0.00315167,-0.03521127
1922-01,-0.01247159,0.03665511,0.00302083,-0.02007299
1922-02,-0.0050002,0.0814121,0.00290167,-0.01117318
1922-03,0.03947543,0.01936521,0.00260417,-0.02165725
1922-04,0.05691947,0.04569002,0.0025,-0.00481232
1922-05,0.03610916,-0.02087626,0.0020575,-0.00580271
1922-06,-0.00598194,-0.0018766,0.00195333,0.02237354
1922-07,0.01329067,0.0352952,0.001875,-0.01617507
1922-08,0.03799752,-0.02292144,0.001485,-0.01160542
1922-09,0.03865184,0.02093732,0.00216167,-0.00587084
1922-10,0.02507028,-0.03056263,0.00200583,0.01181102
1922-11,-0.05407615,0.04805852,0.00216167,0.0
1922-12,-0.02571485,-0.05595862,0.0020575,-0.01167315
1923-01,0.00867801,0.01748054,0.0021875,-0.00492126
1923-02,0.03946399,0.02813856,0.00193,-0.00593472
1923-03,0.01970156,0.03377411,0.00192667,-0.01094527
1923-04,-0.02188887,0.005651,0.001935,-0.02313883
1923-05,-0.03650396,0.00996873,0.00161083,-0.0061792
1923-06,-0.03075948,-0.01532224,0.00163833,0.0
1923-07,-0.02157601,-0.00299164,0.00189167,0.01139896
1923-08,0.01546942,0.01873864,0.00251083,0.01229508
1923-09,0.01558295,-0.01142696,0.00301583,0.0111336
1923-10,-0.00539682,-0.00061591,0.00268583,-0.0
1923-11,0.06892197,-0.00494511,0.00257083,0.01201201
1923-12,0.04444156,-0.03345492,0.00271833,0.0
1924-01,0.0625448,0.03323314,0.0026775,0.01088032
1924-02,-0.00191992,-0.01386568,0.00283167,-0.00587084
1924-03,-0.01023366,-0.01197894,0.00276667,-0.02755906
1924-04,-0.03139152,0.03995128,0.00255333,-0.01214575
1924-05,-0.00054902,0.00593432,0.00250167,-0.01127049
1924-06,0.03392352,-0.00071103,0.002475,0.00621762
1924-07,0.03954891,-0.00090292,0.00261583,0.00514933
1924-08,0.00954271,0.01470289,0.00303417,0.00614754
1924-09,0.00370423,0.00155769,0.00313083,0.02342159
1924-10,-0.01379563,0.02305058,0.00301667,0.02288557
1924-11,0.03255931,0.00146034,0.00303667,0.00583658
1924-12,0.03952938,-0.01566601,0.0030375,-0.00580271
1925-01,0.02685618,0.00363917,0.00314333,-0.00583658
1925-02,0.01502666,0.00800899,0.00309333,0.0
1925-03,-0.02266786,-0.0050406,0.003865,-0.02250489
1925-04,-0.00998039,0.003655,0.00363083,-0.01101101
1925-05,0.02391598,-0.00291352,0.00353333,-0.00607287
1925-06,0.02137194,-0.00729754,0.00359917,0.00610998
1925-07,0.03224691,0.00822045,0.00376833,0.0
1925-08,0.01852136,0.00033935,0.00354333,0.00607287
1925-09,0.02979521,-0.00759237,0.00354333,0.0110664
1925-10,0.03794128,0.00044342,0.00317917,0.0
1925-11,0.03465345,0.0095499,0.00294667,0.00597015
1925-12,0.01954996,0.01046208,0.003295,-0.01186944
1926-01,0.01763323,0.0026066,0.004085,-0.01101101
1926-02,0.00459845,-0.00535251,0.00386667,-0.00607287
1926-03,-0.06339736,0.04552531,0.0034275,-0.02342159
1926-04,-0.02369788,-0.04281298,0.003545,-0.00521376
1926-05,0.01180436,0.02079354,0.00356833,0.00524109
1926-06,0.05049865,-0.00426695,0.00361917,0.01251303
1926-07,0.04789535,0.00843749,0.003545,0.0
1926-08,0.04483723,-0.0131456,0.00362583,0.01132853
1926-09,0.02053376,-0.00295004,0.00362583,0.01221996
1926-10,-0.0174899,0.0049167,0.00392833,0.02816901
1926-11,0.01763494,-0.00202926,0.0038675,0.0
1926-12,0.02668041,0.00276251,0.00393083,-0.02250489
1927-01,-0.00277894,0.02915438,0.00373167,-0.01701702
1927-02,0.02441001,-0.00504671,0.00351583,-0.00610998
1927-03,0.01886443,-0.00536881,0.003725,-0.03483607
1927-04,0.02818393,0.01062671,0.00361417,-0.00636943
1927-05,0.03872449,0.00160657,0.00387833,-0.00534188
1927-06,0.01727294,-0.00315455,0.00359667,0.01825994
1927-07,0.02649693,0.00841982,0.00359167,-0.00632911
1927-08,0.05620146,0.00622328,0.0036125,0.0
1927-09,0.05979524,-0.00315455,0.00358667,0.01273885
1927-10,-0.01284355,0.02221483,0.00365333,0.0115304
1927-11,0.02575272,-0.01021435,0.0036275,0.0
1927-12,0.02531462,0.02024203,0.00358333,-0.00621762
1928-01,0.0093699,0.00264552,0.00355583,-0.01147028
1928-02,-0.00825585,0.00843644,0.00341,-0.01265823
1928-03,0.05641265,-0.00091549,0.00347917,0.0
1928-04,0.06621462,0.02365883,0.00335083,-0.0
1928-05,0.03437844,0.00754425,0.00410167,0.00641026
1928-06,-0.04523386,-0.00954601,0.00328417,0.0
1928-07,0.01426438,-0.00295557,0.00319083,0.0
1928-08,0.03807409,0.01272569,0.00343917,-0.0
1928-09,0.07443385,-0.00297879,0.00355333,0.00636943
1928-10,0.02381639,0.00373667,0.00353,0.00632911
1928-11,0.0710669,0.01707,0.00367083,0.00524109
1928-12,0.00635195,-0.00058793,0.00356,-0.00521376
1929-01,0.07740595,0.00799712,0.00399583,-0.01467505
1929-02,0.00773006,-0.01841195,0.00360667,0.0106383
1929-03,0.02033126,0.00821034,0.0043225,-0.02631579
1929-04,-0.00298204,-0.0063535,0.00446167,-0.00540541
1929-05,0.01841812,0.0016,0.00428,-0.00543478
1929-06,0.02268364,-0.00424614,0.0044375,0.00546448
1929-07,0.0913578,-0.00415107,0.0045025,0.01086957
1929-08,0.06004027,0.00494241,0.00454833,0.00537634
1929-09,0.04268458,-0.02263452,0.0045725,0.01069519
1929-10,-0.10727267,0.04148515,0.00509917,0.01058201
1929-11,-0.26293867,-0.02313818,0.004975,-0.0
1929-12,0.04270327,0.09216792,0.00395167,-0.0052356
1930-01,0.02098508,0.0036075,0.00383583,-0.01052632
1930-02,0.06790909,-0.0614033,0.00321833,-0.0212766
1930-03,0.04101006,0.05948989,0.00281167,-0.02173913
1930-04,0.06688005,-0.03597714,0.00176,-0.01111111
1930-05,-0.05593043,0.02917629,0.00200667,-0.01123596
1930-06,-0.09750645,-0.01197894,0.0017525,0.00568182
1930-07,-0.01901005,0.00377083,0.00178917,0.01129944
1930-08,-0.00997305,0.01066892,0.002055,0.0
1930-09,0.00550141,0.00597515,0.00168833,-0.00558659
1930-10,-0.13335252,0.03501542,0.00167667,0.00561798
1930-11,-0.06741528,0.01879961,0.00178833,-0.01117318
1930-12,-0.06206639,-0.01138024,0.00171833,-0.01129944
1931-01,0.03592356,0.01244004,0.00105667,-0.00571429
1931-02,0.080649,-0.02239703,0.00118667,-0.01149425
1931-03,0.02374031,0.01257943,0.0014025,-0.02325581
1931-04,-0.09123409,0.02985996,0.00128583,0.0
1931-05,-0.09241733,0.03145969,0.00128917,-0.01190476
1931-06,-0.02706674,0.00975735,0.0009075,0.01204819
1931-07,0.04041727,-0.03785597,0.00165917,-0.01190476
1931-08,-0.0253299,-0.00514798,0.00287333,0.0
1931-09,-0.08197094,-0.07460435,0.00346417,0.0
1931-10,0.0164232,0.06991953,0.00469583,0.0060241
1931-11,0.06679173,-0.0625712,0.00438,0.01197605
1931-12,-0.0971267,0.04663344,0.00464667,-0.00591716
1932-01,-0.02522272,0.03090614,0.0045925,0.0
1932-02,-0.00796442,0.03467538,0.00364917,-0.00595238
1932-03,-0.03971055,0.04229884,0.00272667,-0.01197605
1932-04,-0.25523073,0.01371228,0.00153917,-0.01212121
1932-05,-0.09540735,0.04227041,0.00154833,-0.00613497
1932-06,-0.11759634,0.04261557,0.00074333,0.00617284
1932-07,0.09037945,0.10914207,0.00062583,-0.01226994
1932-08,0.54529733,-0.0106827,0.00042333,0.0
1932-09,0.10495372,0.02376955,0.0006925,0.01242236
1932-10,-0.11327234,0.05220165,0.00033083,0.0
1932-11,0.03314418,-0.05733397,0.00055167,0.0
1932-12,-0.02790124,0.02359565,0.0009325,-0.00613497
1933-01,0.02012688,0.006082,0.00080667,-0.00617284
1933-02,-0.12853399,-0.00045053,0.00055917,-0.01242236
1933-03,5.201e-05,0.03996575,0.0006025,-0.01257862
1933-04,0.06698249,-0.01861997,0.0004925,-0.01273885
1933-05,0.17702683,-0.02554783,0.00035,0.0
1933-06,0.11778678,-0.00381637,0.000265,0.01935484
1933-07,-0.03531001,0.00287333,0.0003275,0.00632911
1933-08,-0.0153245,0.01998248,0.00029083,0.01257862
1933-09,-0.03943846,0.0063774,0.0002975,0.0
1933-10,-0.09439146,-0.00072482,0.00051583,0.0
1933-11,-0.06824287,0.0063774,0.000685,0.01242236
1933-12,0.02997639,0.00429736,0.00080167,-0.00613497
1934-01,0.07493341,0.02490107,0.00080583,-0.00617284
1934-02,0.08092143,0.03888823,0.000755,-0.00621118
1934-03,-0.05937957,0.03140094,0.00071833,-0.00625
1934-04,0.00851849,-0.01767316,0.00074333,-0.01257862
1934-05,-0.08995815,-0.01140723,0.0007375,0.00636943
1934-06,0.02871733,0.02499938,0.00072,0.01898734
1934-07,-0.04221813,0.0026125,0.0007075,0.00621118
1934-08,-0.03971181,0.0152094,0.00057583,0.00617284
1934-09,-0.00614623,0.01335375,0.000595,0.0
1934-10,0.02294616,0.01645518,0.00059167,0.01226994
1934-11,0.0221853,0.0779892,0.00040083,0.0
1934-12,0.01938386,0.03620171,0.00026417,-0.01212121
1935-01,0.01513281,-0.00067161,0.00027083,-0.00613497
1935-02,-0.02239098,0.002225,0.0001625,-0.00617284
1935-03,-0.0401929,0.002225,0.0003475,-0.01242236
1935-04,0.06572512,0.002225,0.00043167,0.0
1935-05,0.07133078,0.002225,0.00042333,0.00628931
1935-06,0.03178836,-0.00092698,0.00043833,0.01875
1935-07,0.051096,-0.00089053,0.000505,0.0
1935-08,0.06846248,-0.00085411,0.00045083,0.0
1935-09,0.03243464,3.597e-05,0.00050583,0.01840491
1935-10,0.03475758,6.129e-05,0.00044083,0.01204819
1935-11,0.09338841,8.66e-05,0.00049083,0.0
1935-12,0.00218962,0.00708766,0.00049083,0.0
1936-01,0.05103224,0.00705503,0.00047333,0.0
1936-02,0.05253352,0.00702245,0.00044083,-0.00595238
1936-03,0.03014437,0.00095661,0.00046667,-0.01197605
1936-04,0.00993192,0.00097009,0.0004175,0.0
1936-05,-0.05526494,0.00098358,0.00043833,0.0
1936-06,0.03562589,0.00242637,0.0004775,0.01212121
1936-07,0.06182277,0.002425,0.00051333,0.0
1936-08,0.02226846,0.00242362,0.0004375,0.00598802
1936-09,0.01253068,0.00285162,0.00044167,0.00595238
1936-10,0.08543794,0.00284626,0.00042917,0.02366864
1936-11,0.03330826,0.0028409,0.0004525,0.0
1936-12,-0.01784353,-0.00628648,0.00047667,0.0
1937-01,0.03484352,-0.00615979,0.00054083,0.0
1937-02,0.03581218,-0.00603343,0.00043417,0.0
1937-03,0.00419347,-0.00142739,0.000435,0.0
1937-04,-0.06206047,-0.00137922,0.00041417,0.00578035
1937-05,-0.04537186,-0.00133108,0.00043583,0.0
1937-06,-0.03244733,-2.751e-05,0.00044083,0.01724138
1937-07,0.05717483,3.12e-06,0.0004775,0.0
1937-08,0.01119557,3.374e-05,0.00043417,0.0
1937-09,-0.13269539,0.00900415,0.0004275,0.01694915
1937-10,-0.14126533,0.00896554,0.0004125,0.01666667
1937-11,-0.09011567,0.00892707,0.00042167,-0.0
1937-12,-0.01011905,0.00591102,0.00062583,-0.00546448
1938-01,0.03169547,0.00588457,0.00045667,-0.01648352
1938-02,-0.02179435,0.00585814,0.00041917,-0.00558659
1938-03,-0.05382459,0.00256268,0.00042167,-0.01123596
1938-04,-0.03395887,0.0025613,0.00041417,0.01136364
1938-05,0.01830984,0.00255992,0.00042333,-0.00561798
1938-06,0.03109342,0.00057441,0.00044917,0.02824859
1938-07,0.21173445,0.00059449,0.00053083,-0.02197802
1938-08,0.02033024,0.00061456,0.00043417,0.0
1938-09,-0.02565279,-0.00442922,0.00042083,-0.00561798
1938-10,0.12424039,-0.00433273,0.00105,0.00564972
1938-11,0.01757078,-0.00423642,0.00045,0.0
1938-12,-0.01831277,-0.00094825,0.000735,-0.00561798
1939-01,-0.01138974,-0.00090425,0.0005725,0.0
1939-02,-0.00816685,-0.00086027,0.00043333,-0.01129944
1939-03,0.00290219,-0.00067816,0.00042167,0.0
1939-04,-0.12163819,-0.00063621,0.0010125,0.0
1939-05,0.04098697,-0.00059428,0.00054833,0.0
1939-06,0.02152413,-0.00123863,0.00054833,0.01714286
1939-07,0.02865365,-0.00118666,0.00070833,-0.00561798
1939-08,0.00441664,-0.00113473,0.0005975,0.0
1939-09,0.28188073,0.00602876,0.0031025,0.06779661
1939-10,0.00992029,0.00600374,0.00203417,0.02116402
1939-11,0.00765161,0.00597873,0.00098917,0.02590674
1939-12,-0.02084743,0.01665705,0.00099833,0.00505051
1940-01,-0.0100243,0.01663414,0.00101583,0.00578035
1940-02,-0.00200659,0.01661266,0.0009175,0.01724138
1940-03,0.05275996,-0.00016787,0.00085333,0.01129944
1940-04,0.081265,-0.0001372,0.00086,-0.00558659
1940-05,-0.06666008,-0.00010654,0.00085083,0.01123596
1940-06,-0.16458611,0.00413336,0.0008475,0.00555556
1940-07,-0.01666725,0.00411952,0.00085167,0.03314917
1940-08,-0.01833646,0.00410567,0.00084917,-0.01069519
1940-09,0.03334721,0.00592756,0.000855,0.01081081
1940-10,0.01491136,0.0059011,0.000855,0.01069519
1940-11,0.02773814,0.00587466,0.00084833,0.01587302
1940-12,-0.03565967,0.00826961,0.00085167,0.015625
1941-01,0.00747771,0.00823297,0.00083833,0.00512821
1941-02,-0.05627855,0.00819643,0.00084333,0.00510204
1941-03,0.01129454,0.00198461,0.00084833,0.0
1941-04,-0.02373782,0.00198743,0.00084167,0.00507614
1941-05,-0.01731319,0.00199026,0.00084083,0.01010101
1941-06,0.04083405,0.0029948,0.00083667,0.0
1941-07,0.05714936,0.00298816,0.0008325,-0.005
1941-08,0.00078514,0.00298152,0.0008325,0.0
1941-09,0.00840155,0.00297488,0.00084417,0.0
1941-10,-0.03431532,0.00296824,0.00082833,0.0
1941-11,-0.04104257,0.0029616,0.00083417,0.00502513
1941-12,-0.05902017,0.00080442,0.00084,0.005
1942-01,0.02609716,0.00081952,0.00084083,-0.00497512
1942-02,-0.0248538,0.00083463,0.0008325,0.0
1942-03,-0.04768786,0.0039977,0.00083417,0.0
1942-04,-0.03463733,0.00398279,0.0008325,-0.005
1942-05,0.01860119,0.00396788,0.00084417,0.00502513
1942-06,0.05737705,0.00438447,0.00083583,-0.005
1942-07,0.04368414,0.0043664,0.000835,0.00502513
1942-08,0.0003215,0.00434832,0.0008325,0.005
1942-09,0.01649205,0.00592042,0.00084333,-0.00497512
1942-10,0.07958909,0.00589265,0.00083167,0.0
1942-11,0.02145923,0.00586491,0.00083417,0.0
1942-12,0.01047166,-0.00588026,0.00083833,0.0
1943-01,0.06503852,-0.00576672,0.00091917,-0.005
1943-02,0.06433763,-0.00565345,0.00083167,0.0
1943-03,0.04014655,0.00142999,0.0008325,0.0
1943-04,0.0378651,0.00143876,0.00084,-0.00502513
1943-05,0.04363345,0.00144753,0.00083417,0.00505051
1943-06,0.02179703,0.00459998,0.0008375,-0.00502513
1943-07,0.02474747,0.00458087,0.000835,0.01010101
1943-08,-0.04536662,0.00456177,0.00083333,-0.005
1943-09,0.02555366,0.0016726,0.00084333,-0.00502513
1943-10,-0.00498101,0.00167835,0.00083,0.00505051
1943-11,-0.04204078,0.0016841,0.000835,0.0
1943-12,0.0177258,0.00154675,0.00084333,0.0
1944-01,0.03668215,0.001554,0.00084083,-0.0
1944-02,-0.00241444,0.00156125,0.00083833,0.00502513
1944-03,0.03242707,0.00228333,0.0008375,0.0
1944-04,-0.01306244,0.00228333,0.00084083,0.0
1944-05,0.02205402,0.00228333,0.00083417,0.0
1944-06,0.05144628,0.00471833,0.00083667,0.0
1944-07,0.03021135,0.00469825,0.00083342,0.005
1944-08,-0.01053419,0.00467817,0.000835,0.00497512
1944-09,-0.01223003,0.00264356,0.00084333,0.0
1944-10,0.02883598,0.0026395,0.00083258,-0.0049505
1944-11,-0.00284018,0.00263545,0.00083583,0.0
1944-12,0.02600104,0.0014815,0.00084,0.0
1945-01,0.03386344,0.00148875,0.00083583,0.00497512
1945-02,0.03735277,0.001496,0.00083417,0.0
1945-03,0.00316834,0.00610634,0.00083667,0.0
1945-04,0.02901412,0.00434471,0.00082667,0.0
1945-05,0.04160831,0.00043517,0.00083417,0.0049505
1945-06,0.02187359,0.0004536,0.00083417,0.00492611
1945-07,-0.01571574,0.00176455,0.00083583,0.01470588
1945-08,0.00783565,0.00133788,0.00083417,-0.00966184
1945-09,0.07234647,0.0026395,0.00084167,-0.0097561
1945-10,0.04332441,0.00393062,0.00083333,0.0
1945-11,0.03554694,3.219e-05,0.00042333,0.0
1945-12,0.02024648,-0.00123312,0.0004175,0.0
1946-01,0.0430211,0.00785263,0.00041833,0.0
1946-02,0.00588852,0.01086407,0.0004225,0.0
1946-03,-0.02674783,0.00863669,0.00042167,0.0
1946-04,0.06769348,0.01653577,0.00042417,0.0
1946-05,0.00542966,0.00278305,0.00042333,0.00492611
1946-06,-0.00363386,-0.00771726,0.00042167,-0.00490196
1946-07,-0.02546047,0.00286187,0.00042333,0.00985222
1946-08,-0.01622037,0.00460632,0.00042167,0.0
1946-09,-0.14399684,0.00766544,0.00042667,-0.0097561
1946-10,-0.01844081,0.01429051,0.00042083,0.0
1946-11,0.00015389,0.01336661,0.00042333,0.0
1946-12,0.0344933,0.00435223,0.00041917,0.00492611
1947-01,0.00921642,0.00433141,0.0004175,0.0
1947-02,0.04323464,-0.00060661,0.00042083,-0.00490196
1947-03,-0.03670886,-0.01251841,0.00042417,0.00492611
1947-04,-0.03290824,-0.00483462,0.000425,-0.00490196
1947-05,-0.01354642,0.00493369,0.00042583,0.0
1947-06,0.03928405,-0.00522583,0.0004225,0.0
1947-07,0.07346997,-0.02368393,0.00042167,0.00692042
1947-08,-0.02147635,-0.01247879,0.00042083,-0.00687285
1947-09,-0.02234325,0.00097908,0.0004275,0.00692042
1947-10,0.03010443,0.00658208,0.00042583,0.00687285
1947-11,-0.00696329,0.00309852,0.00042167,0.02047782
1947-12,-0.01137826,-0.01143528,0.0004275,0.00334448
1948-01,-0.00863089,0.00578557,0.00042583,0.00333333
1948-02,-0.04446692,0.01352817,0.000415,0.01993355
1948-03,0.01920804,0.00480919,0.000425,0.00325733
1948-04,0.08160813,0.00176455,0.00042667,0.01298701
1948-05,0.05356217,0.00479166,0.00042167,0.0
1948-06,0.04587203,0.00911447,0.0004225,0.01602564
1948-07,-0.01953693,0.00384498,0.0004225,-0.01577287
1948-08,-0.02485113,0.00209167,0.00042167,0.0
1948-09,-0.00674404,0.00426526,0.0004275,0.00320513
1948-10,0.03199027,0.01300887,0.0004275,0.0
1948-11,-0.05090591,0.01164687,0.0004225,0.00319489
1948-12,-0.00147155,0.00055599,0.00043167,0.00318471
1949-01,0.01638505,0.0018875,0.00043333,0.0
1949-02,-0.03318504,0.00320753,0.0004325,0.0
1949-03,0.0150079,0.001875,0.00043583,0.0
1949-04,0.00445963,0.00407789,0.00043667,0.0
1949-05,-0.00175358,0.00185417,0.00043583,0.01923077
1949-06,-0.04881675,-0.01774339,0.00043667,0.0
1949-07,0.06241031,-0.02284528,0.00043583,0.0
1949-08,0.04200049,-0.00370247,0.00043417,0.01886792
1949-09,0.19179392,0.01136856,0.000435,0.0
1949-10,0.26841183,0.00182442,0.00043667,0.0
1949-11,0.01964899,0.00354855,0.00043583,0.0
1949-12,0.03258845,0.00353704,0.0004375,0.01851852
1950-01,0.02635026,8.407e-05,0.00043417,0.0
1950-02,0.02527646,0.00397533,0.00043667,0.0
1950-03,0.01380012,0.00051809,0.00043917,0.0
1950-04,0.0339097,0.0087267,0.0004275,0.0
1950-05,0.03919096,0.00781989,0.00042667,0.0
1950-06,0.02169197,-0.00218083,0.00042833,0.0
1950-07,-0.06704318,-0.00255766,0.0004275,0.0
1950-08,0.06658357,0.00481269,0.00042583,0.0
1950-09,0.04128233,0.00739129,0.00043167,0.0
1950-10,0.04741732,0.00561796,0.0004275,0.01818182
1950-11,0.00395626,0.00081718,0.00042667,0.0
1950-12,0.00250113,0.00039829,0.00042833,0.0
1951-01,0.08019692,-0.01837171,0.00042917,0.01785714
1951-02,0.04278069,-0.01792332,0.00042667,0.0
1951-03,-0.01106061,1.603e-05,0.00043167,0.01754386
1951-04,0.01931472,-0.00079542,0.00042667,0.0
1951-05,0.00633618,-0.00451852,0.0004275,0.03448276
1951-06,-0.01139991,-0.00566255,0.000425,0.0
1951-07,0.02361435,0.00442752,0.00042667,0.01666667
1951-08,0.05035224,0.00860445,0.00042667,0.0
1951-09,0.03130916,0.00184621,0.00042583,0.01639344
1951-10,0.00015378,-0.00314755,0.00043167,0.01612903
1951-11,-0.02301361,-0.01213011,0.00043167,0.0
1951-12,0.03785066,-0.02032751,0.00082167,0.0
1952-01,0.04357739,-0.00416479,0.00080583,0.03174603
1952-02,-0.01330898,0.00483684,0.00082917,0.0
1952-03,0.0017454,-0.00488572,0.00085667,0.0
1952-04,-0.00186051,0.00206783,0.00197083,0.01538462
1952-05,0.00714422,-0.00354377,0.00193167,0.0
1952-06,0.03841518,-0.01531802,0.00198667,0.03030303
1952-07,0.03255604,0.00554806,0.00204333,-0.01470588
1952-08,0.00880516,0.02695081,0.002055,0.0
1952-09,-0.00931014,0.01508694,0.00205667,0.0
1952-10,-0.01967579,0.00155025,0.00207167,0.01492537
1952-11,0.03403707,0.00481803,0.0020125,0.0
1952-12,0.04281135,0.00155025,0.00199167,0.0
1953-01,0.00737558,0.00808045,0.002015,0.0
1953-02,-0.00984686,0.0113303,0.00199667,0.0
1953-03,0.0106463,0.00592936,0.00200083,0.01470588
1953-04,-0.04505718,0.00796569,0.00200083,0.0
1953-05,0.01111548,0.00751677,0.00198667,0.0
1953-06,-0.03106549,0.00252093,0.0019725,0.01449275
1953-07,0.01877505,0.00541566,0.00197167,0.0
1953-08,0.00898861,0.00996391,0.0019575,-0.01428571
1953-09,-0.03696344,0.00699998,0.001945,0.0
1953-10,0.03409592,0.004465,0.00177833,0.0
1953-11,0.02529027,0.00153553,0.0017475,0.01449275
1953-12,0.01876378,-0.00052498,0.00174833,-0.01428571
1954-01,0.02989483,0.00282917,0.00177583,0.0
1954-02,0.0260549,0.00490728,0.00174667,0.0
1954-03,0.02511666,0.00197751,0.00172,0.01449275
1954-04,0.04337222,0.00281667,0.0017625,0.0
1954-05,0.04383476,0.01242658,0.00170583,0.0
1954-06,0.01257059,0.01365565,0.00142833,0.0
1954-07,0.04459217,0.0055617,0.00133833,0.02857143
1954-08,0.02578103,0.00427029,0.00130167,-0.01388889
1954-09,0.03181785,0.00383285,0.00134417,0.0
1954-10,0.02863729,0.00382131,0.00135083,0.01408451
1954-11,0.04420231,0.00127549,0.00132333,0.0
1954-12,0.05222753,-0.00123574,0.001365,0.0
1955-01,0.02243487,0.00048882,0.001555,0.01388889
1955-02,0.03743555,-0.01239131,0.00196333,-0.01369863
1955-03,-0.00684616,-0.0165964,0.003175,0.01388889
1955-04,0.03623341,-0.01577271,0.00316417,0.0
1955-05,-0.00077977,-0.01854648,0.00324833,0.0
1955-06,0.06374104,-0.006211,0.003265,0.01369863
1955-07,0.07840881,-0.00881298,0.0033075,0.0
1955-08,-0.00367612,-0.0255856,0.00330917,0.0
1955-09,0.04857327,-0.00652306,0.00333417,0.01351351
1955-10,-0.04928349,0.02320215,0.00339333,0.01333333
1955-11,0.06723446,0.00539167,0.0033925,0.01315789
1955-12,0.01166177,-0.00747015,0.00342,0.0
1956-01,-0.0252137,-0.00496609,0.00339417,0.0
1956-02,0.00991056,-0.00098696,0.0039225,-0.01298701
1956-03,0.0724994,-0.00244808,0.00434417,0.02631579
1956-04,0.01378436,0.00453405,0.00430417,0.01282051
1956-05,-0.02834431,0.00184487,0.0041675,-0.01265823
1956-06,-0.00044262,-0.01402564,0.00412917,0.0
1956-07,0.06092033,-0.00542445,0.00428,0.0
1956-08,0.00075863,0.01090987,0.0041475,0.0
1956-09,-0.03086547,0.00896072,0.00418917,0.0
1956-10,-0.01030655,0.00701836,0.0042425,0.01282051
1956-11,-0.00611413,-0.0005955,0.00415917,0.0
1956-12,0.01693223,0.00362605,0.00418333,0.0
1957-01,-0.02249305,0.03369945,0.00404833,0.01265823
1957-02,-0.04065004,0.02122465,0.00379417,0.0
1957-03,0.0180181,-0.00848434,0.00345667,0.0
1957-04,0.02791243,-0.00939726,0.00341583,0.0
1957-05,0.04085552,-0.011774,0.00326167,0.0
1957-06,0.01990725,-0.00994985,0.0032675,0.0125
1957-07,0.02397273,0.01472743,0.00321167,0.0
1957-08,-0.05033081,0.00780678,0.00320417,0.01234568
1957-09,-0.03806767,-0.01661292,0.00343417,-0.01219512
1957-10,-0.0639886,-0.01098169,0.00550417,0.01234568
1957-11,-0.01903519,-0.00041006,0.0055025,0.01219512
1957-12,0.0021286,0.00334436,0.0053825,0.0
1958-01,0.02072691,0.01039398,0.0053125,0.0
1958-02,0.00593244,0.01221886,0.00510583,-0.01204819
1958-03,0.02453979,0.00804857,0.00501167,0.01219512
1958-04,0.00822192,0.01214955,0.0046025,0.01204819
1958-05,0.03591988,0.01134571,0.00431583,-0.01190476
1958-06,0.0291538,0.00487231,0.00401333,0.01204819
1958-07,0.03328073,0.00675374,0.00357833,-0.01190476
1958-08,0.04017203,0.003713,0.00346583,0.0
1958-09,0.03017198,0.00485192,0.00313333,0.0
1958-10,0.04211422,0.00787044,0.00302083,0.01204819
1958-11,0.03364159,0.00330094,0.00298667,0.0
1958-12,0.02236362,0.00595713,0.00275417,0.01190476
1959-01,0.04181419,0.01853327,0.00262667,0.0
1959-02,-0.01369484,0.01347662,0.00258917,-0.01176471
1959-03,0.02661005,-0.00041253,0.00273,0.01190476
1959-04,0.01792675,0.00231583,0.00273917,-0.01176471
1959-05,0.01838697,-0.00221888,0.00273583,-0.01190476
1959-06,-0.00534634,-0.00098937,0.00281833,0.0
1959-07,0.04265612,0.00969888,0.00287667,0.0
1959-08,-0.00246632,0.00583924,0.00290333,0.01204819
1959-09,-0.03496243,-0.00214458,0.00290667,-0.01190476
1959-10,0.00106317,0.01198918,0.00289333,0.01204819
1959-11,0.00777823,0.01773244,0.00282167,0.0
1959-12,0.03648982,-0.00388457,0.00283333,0.01190476
1960-01,-0.01550974,-0.0097872,0.0030725,-0.01176471
1960-02,-0.0370715,-0.00353202,0.00378167,0.0
1960-03,-0.01178433,-0.00526852,0.003795,0.0
1960-04,0.01476285,-0.00547004,0.00385083,0.0
1960-05,-0.00517793,0.00097856,0.003875,0.0
1960-06,0.04099888,-0.00888541,0.0038,0.01190476
1960-07,-0.02370275,-0.0068024,0.00473333,0.0
1960-08,0.01418631,0.00538623,0.004625,-0.01176471
1960-09,-0.02824503,0.00173506,0.00465833,0.0
1960-10,-0.01638998,0.002506,0.00464167,0.01190476
1960-11,0.03467263,0.0036286,0.00424167,0.01176471
1960-12,0.0294673,0.0025584,0.00386667,0.0
1961-01,0.0546402,0.00476617,0.003625,0.0
1961-02,0.04597308,0.01132902,0.003475,0.0
1961-03,0.03470508,0.00834951,0.00366667,0.0
1961-04,0.02919006,0.0039301,0.00374167,0.0
1961-05,0.01408328,0.00394337,0.003675,0.01162791
1961-06,-0.0093838,-0.00617408,0.0037,0.0
1961-07,0.00080522,-0.01165234,0.00378333,0.0
1961-08,0.03247084,-0.00705764,0.005575,0.01149425
1961-09,-0.00859212,0.00127004,0.00558333,0.0
1961-10,0.01237519,0.02639491,0.00545833,0.0
1961-11,0.0477451,0.02239022,0.004775,0.01136364
1961-12,0.01345363,6.795e-05,0.00449167,0.01123596
1962-01,-0.03520689,0.00555356,0.0045,0.0
1962-02,0.0176549,0.00446404,0.00436667,-0.01111111
1962-03,0.00341783,0.00266788,0.00460833,0.01123596
1962-04,-0.02909661,0.00486395,0.003675,0.01111111
1962-05,-0.07118246,0.0048682,0.003375,0.01098901
1962-06,-0.1128567,0.00848889,0.00318333,0.0
1962-07,0.02754952,0.02238558,0.00326667,0.0
1962-08,0.03134234,0.02612962,0.00324167,-0.01086957
1962-09,-0.0048592,0.03962236,0.003125,0.0
1962-10,-0.02853927,0.02627522,0.00303333,0.0
1962-11,0.07165071,-0.00654198,0.00321667,0.0
1962-12,0.04588756,0.00083173,0.003075,0.01098901
1963-01,0.0407334,0.00201472,0.0031,0.0
1963-02,0.0166888,-0.00662821,0.00290833,0.01086957
1963-03,-0.00036127,-0.00382097,0.00285833,0.0
1963-04,0.04980289,0.00980898,0.00313333,0.0
1963-05,0.02308114,0.0196934,0.00309167,0.0
1963-06,0.0021861,0.01426235,0.00303333,0.0
1963-07,-0.01256759,0.00880747,0.00308333,0.0
1963-08,0.03068343,0.01575251,0.00313333,-0.01075269
1963-09,0.02967556,0.00479888,0.0031,0.01086957
1963-10,0.00502554,0.00789543,0.00305833,0.0
1963-11,-0.00303908,-0.01215115,0.00311667,0.0
1963-12,0.02432643,-0.0034922,0.00311667,0.01075269
1964-01,0.0329513,-0.00714764,0.0031,0.0
1964-02,0.01518006,-0.0016883,0.00313333,0.0
1964-03,0.02036354,-0.00384552,0.00359167,0.0
1964-04,0.01658535,0.00451667,0.00358333,0.0106383
1964-05,0.01222097,0.00301437,0.00358333,0.01052632
1964-06,-0.00170612,-0.00070719,0.00365,0.0
1964-07,0.04112162,-0.00434096,0.00371667,0.0
1964-08,-0.01117339,0.00097856,0.003875,0.01041667
1964-09,0.02114037,0.00399106,0.00388333,0.0
1964-10,0.01935558,-0.00117403,0.003875,0.0
1964-11,0.00902668,-0.00181857,0.00391667,0.0
1964-12,-0.01700151,-0.02402112,0.005525,0.01030928
1965-01,0.02822442,-0.00697066,0.005525,0.0
1965-02,0.00832163,0.01256085,0.00545,0.0
1965-03,0.00444988,0.00024967,0.00536667,0.0
1965-04,0.01414268,-0.00606798,0.00545833,0.02040816
1965-05,0.0169812,0.00262162,0.00531667,0.0
1965-06,-0.04334474,-0.00087471,0.0053,0.0
1965-07,0.00140393,-7.05e-05,0.00461667,0.0
1965-08,0.02120218,0.00352754,0.00469167,0.01
1965-09,0.03375485,0.02348948,0.00463333,0.0
1965-10,0.0227929,0.01190144,0.004575,0.0
1965-11,0.01041751,0.00466777,0.00453333,0.0
1965-12,-0.00138575,0.00039896,0.0045,0.00990099
1966-01,0.01909526,0.00402484,0.0046,0.0
1966-02,-0.0039311,0.00832229,0.00456667,0.0
1966-03,-0.03585363,-0.00660779,0.00468333,0.0
1966-04,0.03396507,-0.00077325,0.00466667,0.00980392
1966-05,-0.04972042,0.00283376,0.0047,0.00970874
1966-06,-0.0048664,-0.00411018,0.00471667,0.0
1966-07,0.00056197,-0.0203242,0.004775,0.0
1966-08,-0.05767513,-0.00412544,0.00556667,0.00961538
1966-09,-0.03222773,0.04045602,0.00560833,0.0
1966-10,-0.00671966,0.01143993,0.005625,0.0
1966-11,0.05353075,0.00998325,0.005425,0.00952381
1966-12,0.00751207,0.02205293,0.00561667,0.0
1967-01,0.04094007,0.00979851,0.00544167,0.0
1967-02,0.03619626,0.01767937,0.00506667,-0.00943396
1967-03,0.02561276,0.00318263,0.00503333,0.00952381
1967-04,0.01883153,0.00967179,0.00458333,0.0
1967-05,0.02130658,0.00172216,0.00450833,0.0
1967-06,-0.00778983,-0.01026875,0.004375,0.00943396
1967-07,0.02139409,-0.00644122,0.0044,-0.00934579
1967-08,0.01925393,0.01275147,0.00445833,0.0
1967-09,0.0169101,0.00347167,0.00440833,0.0
1967-10,0.00133382,-0.00560685,0.00456667,0.00943396
1967-11,0.01532733,-0.00815114,0.004775,0.0
1967-12,0.14082892,-0.00854014,0.00629167,0.00934579
1968-01,-0.00141127,0.0067804,0.00623333,0.0
1968-02,-0.04256103,0.00815236,0.00626667,0.0
1968-03,-0.01189154,0.00399213,0.00614167,0.00925926
1968-04,0.0757333,0.00815236,0.005925,0.00917431
1968-05,0.03116939,-0.00012335,0.0059,0.00909091
1968-06,0.03114476,-0.01084429,0.00603333,0.0
1968-07,-0.00159282,0.00092844,0.00603333,0.0
1968-08,-0.01973828,0.01594166,0.00588333,0.0
1968-09,0.03682271,0.00970415,0.00579167,0.0
1968-10,0.02589338,0.00488624,0.00548333,0.00900901
1968-11,0.01957463,-0.00791743,0.00540833,0.0
1968-12,0.01371341,-0.01223388,0.00565833,0.00892857
1969-01,-0.04105024,-0.00981443,0.00565,0.00884956
1969-02,-0.00404641,-0.00229345,0.00560833,0.0
1969-03,-0.01953978,-0.00984768,0.006425,0.00877193
1969-04,0.02232353,0.00786494,0.00648333,0.00869565
1969-05,0.03774509,-0.01324676,0.0065,0.0
1969-06,-0.05089806,-0.01269666,0.00654167,0.00862069
1969-07,-0.04204772,0.02754887,0.00656667,-0.00854701
1969-08,-0.00073978,0.00493203,0.006525,0.0
1969-09,0.00671325,0.00496982,0.00649167,0.00862069
1969-10,0.01092285,0.02169325,0.00650833,0.00854701
1969-11,0.00744839,0.00224168,0.00645,0.0
1969-12,-0.05066819,0.00807424,0.00645,0.00847458
1970-01,-0.00712991,0.00870793,0.006375,0.00840336
1970-02,-0.03397038,0.02100408,0.00625833,0.0
1970-03,0.01970183,0.01635337,0.006325,0.00833333
1970-04,-0.02747384,0.00646552,0.00598333,0.01652893
1970-05,-0.11124816,-0.00897515,0.00564167,0.0
1970-06,-0.0001999,0.00412037,0.00571667,0.00813008
1970-07,0.00817218,0.03021549,0.00571667,0.0
1970-08,0.03385868,0.01826127,0.00568333,0.00806452
1970-09,0.06455393,0.00039554,0.00568333,0.0
1970-10,0.02401951,0.0076799,0.005675,0.016
1970-11,0.00079335,-0.01045588,0.005675,0.0
1970-12,0.071567,-0.00812655,0.00568333,0.00787402
1971-01,0.03426017,0.01581374,0.00568333,0.015625
1971-02,0.03633259,0.02098319,0.00564167,0.0
1971-03,0.02792719,0.02358917,0.0056,0.01538462
1971-04,0.03707886,0.01554363,0.00551667,0.01515152
1971-05,-0.01140854,0.01481686,0.00469167,0.00746269
1971-06,-0.01600197,0.00342608,0.00469167,0.00740741
1971-07,-0.00450894,-0.01670974,0.00465833,0.00735294
1971-08,-0.02168662,0.03840351,0.00463333,0.00729927
1971-09,0.01041832,0.02081835,0.00484167,0.0
1971-10,-0.02660491,0.01804058,0.00395833,0.0
1971-11,-0.04514004,0.03469046,0.0038,0.00724638
1971-12,0.05750619,0.00052849,0.00356667,0.00719424
1972-01,0.02639172,0.02632144,0.003675,0.0
1972-02,0.00785244,0.00446503,0.003625,0.00714286
1972-03,0.02055188,-0.01744616,0.00363333,0.0070922
1972-04,0.01565367,0.00273654,0.00359167,0.00704225
1972-05,-0.00859449,-0.02134347,0.00355833,0.00699301
1972-06,0.02210208,-0.06383431,0.00358333,0.00694444
1972-07,0.04559332,0.01066426,0.0047,0.0
1972-08,0.0355098,-0.00213817,0.0048,0.0137931
1972-09,-0.00837877,-0.00758708,0.00485833,0.0
1972-10,0.02356473,0.01981807,0.005525,0.01360544
1972-11,0.07194142,0.00821921,0.00574167,0.00671141
1972-12,0.02601179,-0.00939321,0.005775,0.00666667
1973-01,0.00501236,0.0198396,0.006925,0.0
1973-02,-0.06148599,-0.00242666,0.006775,0.00662252
1973-03,-0.03148459,-0.01999754,0.00671667,0.00657895
1973-04,-0.02079609,0.01559431,0.00661667,0.01960784
1973-05,-0.04374213,0.00310417,0.00639167,0.01282051
1973-06,-0.03723347,-0.00048672,0.006,0.0
1973-07,0.02755168,-0.0247841,0.0058,0.00632911
1973-08,0.00821361,-0.03719078,0.009075,0.00628931
1973-09,0.04417588,-0.00558914,0.00914167,0.00625
1973-10,0.03770491,0.02056973,0.00911667,0.02484472
1973-11,-0.05203275,-0.034883,0.00889167,0.00606061
1973-12,-0.04003219,-0.02062825,0.010375,0.01204819
1974-01,0.05973314,-0.00891763,0.01035,0.01190476
1974-02,-0.04653297,-0.01357289,0.010025,0.01764706
1974-03,0.01640991,0.00856902,0.00985,0.00578035
1974-04,-0.06727716,-0.00495919,0.00998333,0.03448276
1974-05,-0.03715652,0.037648,0.00956667,0.01111111
1974-06,0.01446786,-0.01401246,0.00934167,0.01098901
1974-07,-0.11321802,-0.00707079,0.00936667,0.00543478
1974-08,-0.0195632,-0.00601295,0.009325,0.00540541
1974-09,-0.08879847,0.03016303,0.009375,0.01075269
1974-10,0.01653283,-0.01051847,0.00915,0.0212766
1974-11,0.04091854,-0.04370018,0.009075,0.015625
1974-12,-0.06260762,-0.01351746,0.00915,0.01538462
1975-01,0.0712269,0.07592781,0.00915833,0.02020202
1975-02,0.09260774,0.10535122,0.00855342,0.01485149
1975-03,0.04012271,0.07182404,0.008142,0.0195122
1975-04,0.03513242,0.00024616,0.00780783,0.03349282
1975-05,0.09022518,-0.02676861,0.00770025,0.04166667
1975-06,0.04709834,0.01741123,0.00787158,0.01777778
1975-07,0.04836387,0.02392217,0.00790217,0.00873362
1975-08,-0.03908297,0.00953444,0.00868933,0.00865801
1975-09,0.00617824,0.01118716,0.00865042,0.00858369
1975-10,0.06327827,-0.02908133,0.00873625,0.01276596
1975-11,0.02459204,0.00336196,0.00950858,0.01260504
1975-12,0.0010471,0.01613789,0.00915667,0.01244813
1976-01,0.09194593,0.06228383,0.00897567,0.00819672
1976-02,0.04301823,0.0390685,0.00774892,0.01219512
1976-03,0.05129915,-0.01299614,0.00718008,0.00401606
1976-04,0.06381399,0.01487336,0.00701475,0.02
1976-05,0.01734546,0.01593274,0.008286,0.01176471
1976-06,0.03413626,-0.04701576,0.00916525,0.00387597
1976-07,0.01459956,0.00539493,0.00915992,0.0
1976-08,-0.00435509,0.00551159,0.00905775,0.01930502
1976-09,0.05737942,-0.01491858,0.00911692,0.01136364
1976-10,0.02192457,-0.06082145,0.01031233,0.01872659
1976-11,-0.00385523,0.02337667,0.01202808,0.01102941
1976-12,0.0129985,0.02728882,0.01169517,0.01090909
1977-01,-0.02508459,0.06963134,0.01125783,0.02517986
1977-02,-0.02244976,0.05064,0.00978217,0.00701754
1977-03,-0.00463538,0.06084578,0.00897183,0.01045296
1977-04,-0.01280948,0.02488454,0.00730358,0.02068966
1977-05,0.00098384,0.02825226,0.00624775,0.01013514
1977-06,0.00869332,-0.02646749,0.00619475,0.01337793
1977-07,0.01080561,-0.00857543,0.0062085,0.0
1977-08,-0.03037275,0.04296718,0.006084,0.00660066
1977-09,-0.01364126,0.08400137,0.00534867,0.00327869
1977-10,-0.03739221,0.05450225,0.00441775,0.00326797
1977-11,-0.01608196,-0.01519443,0.00373133,0.00651466
1977-12,-0.02057895,0.00949428,0.00535542,0.00323625
1978-01,-0.07415191,0.01426044,0.00524425,0.0
1978-02,-0.01187539,-0.03173772,0.00480767,0.00967742
1978-03,0.02064107,0.01580196,0.00497958,0.00638978
1978-04,0.0799595,-0.0302742,0.00499683,0.01269841
1978-05,0.07341421,-0.01345612,0.00583233,0.0031348
1978-06,-0.00369968,-0.00023981,0.00706875,0.009375
1978-07,-0.03102376,0.0142725,0.00772717,0.00309598
1978-08,0.04803697,0.0214957,0.00759467,0.00617284
1978-09,-0.00565785,0.00186004,0.00753883,0.00306748
1978-10,-0.05096913,-0.00775189,0.00763825,0.0030581
1978-11,-0.03184065,-0.00777348,0.0085705,0.00914634
1978-12,0.00625929,0.00655473,0.00963833,0.0060423
1979-01,0.03191494,-0.01544781,0.00963625,0.00900901
1979-02,-0.00999026,0.00139414,0.01007192,0.00595238
1979-03,0.00657337,0.10853183,0.01019008,0.00591716
1979-04,0.00671141,0.04809039,0.00953308,0.01470588
1979-05,-0.01183897,-0.00700458,0.00940525,0.00869565
1979-06,-0.0015852,-0.03754017,0.00951742,0.01436782
1979-07,-0.05212634,0.02829146,0.01110792,0.0368272
1979-08,0.06098795,0.0096432,0.01112158,0.01092896
1979-09,0.03403221,-0.00575117,0.01111642,0.00810811
1979-10,-0.00968501,-0.02336046,0.0111365,0.01072386
1979-11,0.00082775,-0.07349581,0.01122608,0.00795756
1979-12,0.01300232,0.00686724,0.01341567,0.00789474
1980-01,0.00423232,0.03954656,0.01320175,0.01044386
1980-02,0.03259427,-0.00312819,0.01348817,0.01033592
1980-03,-0.05273327,0.00224948,0.01343633,0.01278772
1980-04,-0.01377546,0.03850969,0.01356983,0.03282828
1980-05,0.00814589,0.02805253,0.01338575,0.00733496
1980-06,0.05315387,0.0290491,0.013384,0.00970874
1980-07,0.03322737,0.04918472,0.01306675,0.00721154
1980-08,0.03629965,-0.02168732,0.01225633,0.00477327
1980-09,0.01519627,0.02361498,0.01245808,0.00712589
1980-10,0.02672535,0.02569801,0.01194308,0.00471698
1980-11,0.05595443,0.00353685,0.01197008,0.00704225
1980-12,0.00786173,-0.01193769,0.01079183,0.00699301
1981-01,-0.02359945,0.0016014,0.01084675,0.00462963
1981-02,0.01529444,0.01843727,0.01050792,0.00921659
1981-03,0.07048302,0.02100898,0.00965475,0.02054795
1981-04,0.03931751,0.01138333,0.00960875,0.0246085
1981-05,0.02478882,-0.02646995,0.00940425,0.00873362
1981-06,0.06715895,-0.00267047,0.00953767,0.004329
1981-07,0.03221279,-0.01694473,0.00989833,0.00431034
1981-08,0.0376257,0.01521142,0.01150117,0.00858369
1981-09,-0.0801185,-0.01543646,0.01098892,0.00638298
1981-10,0.00287363,-0.01202954,0.01260258,0.00634249
1981-11,-0.00301031,0.04378561,0.01305158,0.00630252
1981-12,0.01139326,-0.00038367,0.01146367,0.00417537
1982-01,-0.03928864,0.01622912,0.01222508,0.004158
1982-02,0.001594,0.05563418,0.01130675,0.0
1982-03,-0.00495837,0.06865882,0.01041433,0.00828157
1982-04,0.07453626,0.00188071,0.01039308,0.02258727
1982-05,-0.01561409,0.02800671,0.010515,0.00803213
1982-06,-0.02350418,0.01891907,0.01018292,0.00199203
1982-07,0.01452142,0.03277322,0.01019275,0.0
1982-08,0.01402685,0.07470299,0.00893717,0.00198807
1982-09,0.12948594,0.05034609,0.0080795,0.00198413
1982-10,0.09896082,0.05828146,0.00791583,0.00594059
1982-11,0.08604539,0.00240684,0.00709075,0.00393701
1982-12,0.02365697,-0.03563334,0.00804108,0.00392157
1983-01,0.06591333,-0.00674848,0.00810033,0.0
1983-02,0.04975709,0.0144302,0.00911383,0.00390625
1983-03,0.06856886,0.03348026,0.00903658,0.00194553
1983-04,0.01070846,0.02819257,0.00851458,0.01165049
1983-05,0.02026801,0.00339428,0.00806375,0.00383877
1983-06,0.0334474,0.01926831,0.00807192,0.0
1983-07,0.02074079,-0.02180529,0.00772058,0.00382409
1983-08,-0.00801924,-0.00120161,0.00783242,0.00571429
1983-09,0.03590624,0.0370299,0.00778217,0.00568182
1983-10,0.00763727,0.02284468,0.00747333,0.00188324
1983-11,0.00219176,0.02938027,0.00735892,0.0037594
1983-12,0.02854681,0.0035739,0.00738533,0.00374532
1984-01,0.03468139,0.008975,0.00736592,-0.00559701
1984-02,-0.07355059,0.00308184,0.0073825,0.00562852
1984-03,-0.00522056,0.0215434,0.00737275,0.00186567
1984-04,0.02963878,-0.00232305,0.00698575,0.01489758
1984-05,0.02018389,-0.02153708,0.00696908,0.00550459
1984-06,-0.00962113,-0.0025284,0.00743708,0.0
1984-07,0.0337183,-0.01726379,0.0073865,0.0
1984-08,0.09773345,0.04809039,0.00946333,0.00364964
1984-09,0.06001101,0.01995823,0.008277,0.00181818
1984-10,0.02586955,0.01694632,0.00831725,0.00544465
1984-11,-0.00313614,0.03118293,0.00823092,0.00180505
1984-12,0.03740242,0.00069124,0.00754658,0.0036036
1985-01,0.10180454,-0.01923596,0.00760208,0.00179533
1985-02,0.09079962,0.00200017,0.00984583,0.00358423
1985-03,-0.03324151,0.01882542,0.01116958,0.00892857
1985-04,-0.0814858,0.0246366,0.01029758,0.0159292
1985-05,0.0186447,-6.38e-05,0.00991992,0.00348432
1985-06,-0.00089054,0.02106622,0.00983458,0.0
1985-07,-0.05149472,0.02457817,0.00997158,-0.00173611
1985-08,-0.02084985,0.01372522,0.00915508,0.00347826
1985-09,-0.00452264,0.00950236,0.00916742,0.0034662
1985-10,-0.02594806,0.01846865,0.00917242,0.00172712
1985-11,0.05083381,-0.00132756,0.00928108,0.00344828
1985-12,0.04923651,0.00358447,0.00917942,0.00171821
1986-01,0.02189234,-0.01142041,0.00930517,-0.00171527
1986-02,0.05307014,0.03298628,0.01008058,0.00343643
1986-03,0.03456236,0.07337581,0.00987342,0.00171233
1986-04,0.00610059,0.05607964,0.00895367,0.01025641
1986-05,-0.01000325,-0.00586853,0.00820583,0.00338409
1986-06,0.03995617,-0.01115522,0.00778333,0.00168634
1986-07,-0.01711222,-0.00207215,0.00775242,-0.0016835
1986-08,0.03727704,0.00490654,0.00791842,0.00168634
1986-09,-0.01372991,-0.02940675,0.00778075,0.00673401
1986-10,0.02950618,-0.02907086,0.00807208,0.00167224
1986-11,0.03722597,-0.00024684,0.00880258,0.00166945
1986-12,0.00614184,0.01509949,0.008891,0.00166667
1987-01,0.01990134,0.05206222,0.00888717,0.00166389
1987-02,0.04887866,0.02692332,0.0088015,0.00498339
1987-03,0.00162067,0.06294611,0.00849742,0.0
1987-04,-0.03224999,0.00568819,0.00776308,0.00826446
1987-05,-0.01947223,0.02951287,0.007249,0.00491803
1987-06,0.06925337,-0.00099112,0.00707892,-0.00163132
1987-07,0.04392401,-0.01525145,0.00730142,-0.00163399
1987-08,0.07080846,-0.04333063,0.00744758,0.00163666
1987-09,-0.05682586,0.00359416,0.0082225,0.00326797
1987-10,-0.12775421,0.01276255,0.00814392,0.00488599
1987-11,-0.1790346,0.06596296,0.00739442,0.00486224
1987-12,-0.04214018,-0.01715479,0.00707017,0.0016129
1988-01,0.05863195,0.00307279,0.00684083,-0.00322061
1988-02,0.05839614,0.01994987,0.00684375,0.00323102
1988-03,-0.0097913,0.0269019,0.00734217,0.00322061
1988-04,-0.03268404,0.00894901,0.006746,0.01284109
1988-05,-0.0173011,-0.00550227,0.00652183,0.00475436
1988-06,0.1153158,0.00159781,0.00595883,0.00315457
1988-07,0.03887665,-0.01238918,0.0080895,0.0
1988-08,-0.01217885,0.00390383,0.00855317,0.00314465
1988-09,0.02686195,-0.0033085,0.00957208,0.00470219
1988-10,0.00532917,0.03381859,0.00949233,0.00468019
1988-11,-0.0579381,-0.00238092,0.00958458,0.00465839
1988-12,0.01359735,-0.00880019,0.01048075,0.0015456
1989-01,0.06555165,0.0194737,0.01042358,0.00308642
1989-02,0.04498268,0.02315025,0.01026042,0.00307692
1989-03,0.02172394,-0.00173244,0.01042158,0.00460123
1989-04,0.04334236,-0.00996802,0.01032833,0.01374046
1989-05,0.08594042,0.0090903,0.01019458,0.00451807
1989-06,0.08570508,-0.01422183,0.01105558,0.00449775
1989-07,-0.01862059,0.03309112,0.01135217,-0.00149254
1989-08,0.06801252,0.02318806,0.01103025,0.00149477
1989-09,0.01943031,-0.00991983,0.01118317,0.00746269
1989-10,-0.00716665,-0.00588711,0.01120258,0.00740741
1989-11,-0.00886436,0.00273548,0.01203317,0.00294118
1989-12,0.01202011,0.00819463,0.01214492,0.00146628
1990-01,-0.05448867,-0.01063119,0.01206583,0.00439239
1990-02,-0.05105385,-0.01636365,0.01204408,0.0058309
1990-03,0.07236365,-0.05083436,0.01195175,0.0057971
1990-04,-0.00578398,-0.00711988,0.01215583,0.01729107
1990-05,0.01364873,0.02887273,0.01218333,0.00991501
1990-06,0.01187829,0.04493381,0.01206883,0.00420757
1990-07,-0.05335995,0.0075687,0.01193317,-0.0027933
1990-08,-0.12294155,-0.00746417,0.01194308,0.01120448
1990-09,-0.0322519,0.01292597,0.011908,0.00969529
1990-10,-0.05637055,0.03054855,0.01186108,0.00823045
1990-11,0.02010937,0.03113958,0.01093942,0.00136054
1990-12,0.06890573,0.04074798,0.01057892,-0.0013587
1991-01,-0.01336719,0.02394033,0.01088175,0.0
1991-02,0.09930652,0.03679316,0.01069692,0.00544218
1991-03,0.11117706,-0.00122049,0.00990258,0.00270636
1991-04,0.06449703,0.01463954,0.00962967,0.03373819
1991-05,0.01321151,-0.0029385,0.00930833,0.0078329
1991-06,0.04854554,-0.00328062,0.00895317,0.00518135
1991-07,0.00683789,0.0269409,0.00895467,-0.00257732
1991-08,0.00680063,0.02383167,0.00870467,0.00387597
1991-09,-0.02750589,0.03257319,0.00838967,0.00514801
1991-10,0.00378747,0.00308325,0.00808158,0.00512164
1991-11,-0.03160132,0.00501284,0.0082835,0.00382166
1991-12,-0.01694862,0.01496562,0.0084005,0.0
1992-01,0.08439001,0.02056473,0.00848992,-0.00253807
1992-02,0.01144403,0.01796479,0.00823042,0.00508906
1992-03,0.02089355,-0.01580337,0.00811525,0.00506329
1992-04,-0.01607875,0.0237304,0.00851117,0.01007557
1992-05,-0.00915576,0.03400916,0.007969,0.00374065
1992-06,-0.0375454,0.00116621,0.0078565,0.00124224
1992-07,-0.01414152,0.01205892,0.00788492,-0.00496278
1992-08,-0.00392695,-0.01132008,0.00801058,0.0
1992-09,0.05646499,0.01792145,0.00807292,0.00374065
1992-10,0.10391945,0.04266511,0.00685508,0.00248447
1992-11,0.11243628,0.03764369,0.00563125,0.00123916
1992-12,0.01660006,-0.00172664,0.00538142,0.0
1993-01,0.01352247,0.00890942,0.00529783,-0.0049505
1993-02,0.08296901,0.02964688,0.00443717,0.00621891
1993-03,0.00599336,0.02216697,0.00447642,0.00494438
1993-04,-0.06642629,-0.00496661,0.0044455,0.01107011
1993-05,0.00529735,-0.01065833,0.00440833,0.00364964
1993-06,0.03507113,0.0194928,0.00434358,0.0
1993-07,0.00910736,0.02971245,0.00429508,-0.00363636
1993-08,0.0204222,0.04463072,0.00422825,0.00364964
1993-09,-0.00865159,0.01358657,0.004278,0.00484848
1993-10,0.02758579,0.01212196,0.00433733,-0.00120627
1993-11,0.01459937,0.00713117,0.00416975,-0.00241546
1993-12,0.00177207,0.04685869,0.00401183,0.00242131
1994-01,0.0166848,0.00812648,0.00407783,-0.00362319
1994-02,0.00810014,-0.02875133,0.00404442,0.00484848
1994-03,-0.02262203,-0.0410211,0.00392742,0.00241255
1994-04,-0.02719625,-0.02472187,0.0041075,0.00962696
1994-05,-0.00412292,-0.02628249,0.00404042,0.00238379
1994-06,-0.0034858,-0.02263158,0.00399925,0.0
1994-07,-0.01836858,0.0209878,0.00412708,-0.0059453
1994-08,0.03383418,-0.0012192,0.00466908,0.00598086
1994-09,-0.0072074,-0.00994547,0.00446142,0.00118906
1994-10,-0.0293996,0.01649674,0.00455917,-0.0023753
1994-11,0.00709933,0.01773665,0.0045285,0.00119048
1994-12,0.00912333,0.01114798,0.00476517,0.00475624
1995-01,0.01416824,-0.00373015,0.00493017,0.0
1995-02,0.03990805,0.01381277,0.00508925,0.00473373
1995-03,0.00750638,0.01115459,0.005157,0.00471143
1995-04,0.02760847,0.01831553,0.0050945,0.00586166
1995-05,0.04644404,0.02357912,0.00551217,0.004662
1995-06,0.0270051,0.01283205,0.00506383,0.00116009
1995-07,0.03522751,-0.00308439,0.00551642,-0.00579374
1995-08,0.02336102,0.01685897,0.00549933,0.00582751
1995-09,0.04237634,0.0194928,0.00548167,0.00463499
1995-10,-0.00295162,-0.00398601,0.00544817,-0.00230681
1995-11,0.0336824,0.02899576,0.0054455,0.0
1995-12,0.0486664,0.02628409,0.0051965,0.00578035
1996-01,0.00930542,0.00967024,0.00517992,-0.00330882
1996-02,0.05409363,-0.01603077,0.0050075,0.0047215
1996-03,0.0038227,-0.01280731,0.00489567,0.00415596
1996-04,0.0093141,0.006725,0.00483325,0.00520635
1996-05,0.02409596,0.00473209,0.00482833,0.00308435
1996-06,-0.00455107,0.00941197,0.004862,0.00097178
1996-07,-0.04183499,0.01541862,0.00460983,-0.00634663
1996-08,0.03283603,0.01198267,0.00459525,0.0053518
1996-09,0.01410317,0.00788646,0.00459567,0.00493168
1996-10,0.02348278,0.02490238,0.00462633,-0.00036084
1996-11,0.0025003,0.00290448,0.00488267,0.00070751
1996-12,0.01101821,0.00974489,0.00511067,0.00307333
1997-01,0.03594341,0.00698095,0.00513725,-0.00414275
1997-02,0.06473889,0.0305076,0.004945,0.00242666
1997-03,0.00364713,-0.01245254,0.00479783,0.00216141
1997-04,-0.04572835,-0.00597679,0.00503008,0.00368086
1997-05,0.09024142,0.04033937,0.00511233,0.00309433
1997-06,0.04523868,0.00735424,0.00517567,0.00209937
1997-07,0.04184683,0.01221986,0.00535,-0.00320659
1997-08,0.04472373,0.0030935,0.00561233,0.00517564
1997-09,0.01331544,0.02563112,0.00577008,0.00352749
1997-10,-0.00327282,0.02710216,0.00574742,0.00025513
1997-11,-0.0442328,-0.00168431,0.00574992,0.00093523
1997-12,0.04440835,0.02348944,0.00594417,0.00100514
1998-01,0.01751813,0.02496655,0.0059215,-0.00642077
1998-02,0.06026473,0.00945768,0.00560758,0.00347311
1998-03,0.03976109,0.01089062,0.00580758,0.00286533
1998-04,0.02763443,0.01677853,0.00591117,0.00526167
1998-05,0.01855842,0.00187553,0.0057785,0.00530448
1998-06,-0.00622872,0.01226697,0.00588025,-0.00148358
1998-07,0.04893998,0.00255556,0.0061335,-0.00548057
1998-08,-0.06429724,0.02124671,0.00608092,0.00403089
1998-09,-0.07617148,0.0358744,0.00591625,0.00435161
1998-10,0.00567738,0.01424823,0.00562892,-0.00019567
1998-11,0.1319922,0.01110128,0.0054625,0.00078284
1998-12,0.03499839,0.03631821,0.00519758,0.00304512
1999-01,0.06385411,0.02042684,0.00462933,-0.00614138
1999-02,0.01296915,-0.00903197,0.00443233,0.00170947
1999-03,0.03324006,-0.01344132,0.00420483,0.00546937
1999-04,0.0505349,0.00936699,0.00405575,0.00400668
1999-05,-0.00500811,-0.02005254,0.00410125,0.0029653
1999-06,0.00659405,-0.01569225,0.00410117,-0.00104998
1999-07,0.0584334,-0.00852234,0.00392383,-0.00593312
1999-08,-0.05613671,0.00068528,0.00404942,0.00306078
1999-09,-0.01753959,-0.01484399,0.00403108,0.00402236
1999-10,-0.03208552,-0.00929501,0.00442458,-0.00078743
1999-11,0.09531723,0.04725395,0.00437717,0.00145168
1999-12,0.03274058,-0.00388238,0.00434117,0.00248499
2000-01,-0.01774959,-0.02723008,0.0046795,-0.00935069
2000-02,-0.00015509,0.01899333,0.00480383,0.00309998
2000-03,0.05263466,0.02505031,0.00486883,0.00248063
2000-04,0.01270711,0.00824581,0.00486875,0.00324864
2000-05,0.01880713,-0.00234826,0.00496475,0.00272829
2000-06,0.03149691,0.01969649,0.00495833,0.00144288
2000-07,0.00956708,0.00357387,0.00487167,-0.00504967
2000-08,0.02206806,-0.00171076,0.00486925,0.00024825
2000-09,0.02735445,-0.00011797,0.00488383,0.00768
2000-10,-0.06325201,0.01662136,0.00480417,-0.00045154
2000-11,0.0095321,0.01350005,0.0047725,0.00212183
2000-12,-0.0577209,0.01733004,0.00469967,-6.83e-05
2001-01,-0.00538264,0.00717284,0.00467608,-0.0088388
2001-02,-0.00452491,0.00482275,0.00457808,0.00270147
2001-03,-0.08577007,0.01336879,0.00449008,0.00338149
2001-04,0.01127119,-0.01373736,0.00435258,0.00582232
2001-05,0.07500546,-0.00882719,0.00420508,0.00762735
2001-06,-0.00683513,-0.00104377,0.00413325,0.00197351
2001-07,-0.0354077,0.00509352,0.00419667,-0.00764914
2001-08,-0.03572426,0.02122721,0.00414792,0.0039832
2001-09,-0.12860012,0.00337375,0.00387942,0.0027352
2001-10,0.04158875,0.01575251,0.003569,-0.00163394
2001-11,0.06114215,0.01964596,0.00342975,-0.00196124
2001-12,0.01064775,-0.01695555,0.00314258,0.00253429
2002-01,0.00335781,0.00100575,0.00319442,-0.00323082
2002-02,-0.02707437,0.00181182,0.00321642,0.00119345
2002-03,0.04923121,-0.01708246,0.00324,0.00395535
2002-04,-0.04844393,0.00361736,0.0033335,0.00418263
2002-05,-0.03944648,0.00211367,0.00328408,0.0022304
2002-06,-0.07435634,0.01737509,0.00333417,-0.00012066
2002-07,-0.14933094,0.01270148,0.00327592,-0.00282906
2002-08,0.02434526,0.02751547,0.00309608,0.00287743
2002-09,-0.0595181,0.02122574,0.00318275,0.00272169
2002-10,-0.01442172,-0.00564004,0.00314517,0.0020725
2002-11,0.05703458,0.00149966,0.00307558,-0.00021349
2002-12,-0.01982532,0.00935,0.00318908,0.00368354
2003-01,-0.02146674,0.01865229,0.00320225,-0.00642253
2003-02,-0.05855616,0.01650452,0.00312833,0.00358668
2003-03,0.02934452,-0.00580508,0.0028825,0.00354719
2003-04,0.0586099,-0.00744664,0.00290117,0.00328217
2003-05,0.02163859,0.02349997,0.00286933,0.00034436
2003-06,0.03253795,0.01186974,0.00284158,-0.00158881
2003-07,0.03003325,-0.02034926,0.00289,-0.00082219
2003-08,0.01601175,-0.00923629,0.00277883,0.00367637
2003-09,0.0178303,-0.00317172,0.00291242,0.00310752
2003-10,-0.01840472,-0.01114685,0.00296592,0.00133144
2003-11,0.00583777,-0.00751333,0.00314842,-0.00043444
2003-12,-0.00576332,0.01670746,0.00318342,0.00306878
2004-01,0.00688532,0.01249968,0.00311583,-0.00489765
2004-02,-0.01174679,0.00258682,0.00326417,0.00220357
2004-03,0.00657229,0.01197119,0.00336083,0.00177741
2004-04,0.02257519,-0.01490368,0.00347583,0.00354852
2004-05,-0.01629923,-0.00673436,0.00352333,0.00365384
2004-06,0.00501351,-0.00146897,0.00370667,-0.00046975
2004-07,-0.03080462,0.0112271,0.00384917,-0.00255871
2004-08,-0.00113063,0.01175804,0.00392833,0.00257837
2004-09,0.04308308,0.01100058,0.00394333,0.00099214
2004-10,-0.00671974,0.01436853,0.00389958,0.00260831
2004-11,0.01790203,0.01001692,0.00389917,0.00199017
2004-12,-0.00888624,0.01622307,0.00386667,0.00521868
2005-01,0.01219035,0.0028016,0.00390917,-0.00539822
2005-02,0.01284328,0.00090641,0.00387833,0.00250601
2005-03,-0.01154686,-0.01216499,0.0039455,0.00432598
2005-04,-0.01985235,0.0170026,0.00396617,0.00388177
2005-05,0.03532577,0.01966974,0.00391242,0.0033529
2005-06,0.04329768,0.01384715,0.00387333,0.00049933
2005-07,0.05705312,0.00182683,0.00376492,0.00063985
2005-08,-0.02131689,0.00216947,0.003692,0.00327395
2005-09,-0.00385255,0.01273167,0.00365167,0.00147867
2005-10,-0.00344071,-0.00733541,0.003667,0.00150194
2005-11,0.05773015,0.00713226,0.0036865,-5.084e-05
2005-12,0.01508062,0.01117378,0.00366692,0.00303766
2006-01,0.00159923,0.01539825,0.00368925,-0.00511924
2006-02,0.01162885,-0.00308029,0.00366808,0.00337519
2006-03,0.01708462,-0.00936224,0.00365708,0.00211985
2006-04,-0.00557171,-0.0124787,0.00367558,0.0060421
2006-05,-0.06131687,-0.00561273,0.0037085,0.00542664
2006-06,-0.01374375,0.00272219,0.00376075,0.00296792
2006-07,0.00677814,0.00452518,0.00377933,-0.00057435
2006-08,-0.00396297,0.00483536,0.003814,0.00436005
2006-09,0.0308774,0.01209083,0.00397092,0.00082096
2006-10,0.04026174,-0.00090299,0.00405575,0.00157842
2006-11,0.00083171,0.00954754,0.00414775,0.00268033
2006-12,-0.00473004,-0.00214758,0.00420367,0.00582899
2007-01,0.00909939,-0.01389355,0.00425667,-0.00773925
2007-02,0.01628369,0.00149354,0.00447183,0.00419121
2007-03,-0.01921745,0.00941342,0.004425,0.00472939
2007-04,0.01889597,-0.01261207,0.004484,0.00314628
2007-05,0.03773548,-0.00319269,0.00456008,0.00278111
2007-06,0.00204705,-0.01694619,0.004658,0.00218695
2007-07,-0.01767934,0.00593331,0.00480825,-0.00608329
2007-08,-0.03118295,0.02301393,0.00479525,0.00354475
2007-09,0.02698403,0.01459348,0.00480625,0.00069667
2007-10,0.01678284,0.00627114,0.00467125,0.00487328
2007-11,-0.05977593,0.0204652,0.00464233,0.00267399
2007-12,0.03827688,0.00567437,0.00453625,0.00573375
2008-01,-0.04325812,0.01866827,0.00436567,-0.00674967
2008-02,-0.01262062,-0.00773094,0.0041755,0.00715959
2008-03,-0.04540681,0.01647261,0.00414767,0.00448209
2008-04,0.05375646,-0.0113503,0.00397417,0.00812052
2008-05,0.03482491,-0.01132752,0.0040805,0.00640126
2008-06,-0.04328578,-0.0189078,0.00419825,0.00683344
2008-07,-0.07127007,0.01518085,0.00425183,-0.00019962
2008-08,0.07468028,0.02794932,0.00423758,0.00620119
2008-09,-0.0007002,0.01494822,0.0041155,0.0054743
2008-10,-0.15066314,0.0009603,0.00376092,-0.0023914
2008-11,0.007007,0.02511172,0.0029515,-0.00109384
2008-12,0.02859603,0.0576246,0.0014005,-0.00400736
2009-01,0.01686132,-0.00423464,0.001035,-0.00725163
2009-02,-0.06440707,-0.00092069,0.00075475,0.00865949
2009-03,-0.04114422,0.04248983,0.00054958,0.00170535
2009-04,0.08186316,-0.00987402,0.0005175,0.00237876
2009-05,0.01718763,-0.01735607,0.00047308,0.00556053
2009-06,-0.0302552,-0.00413477,0.00043067,0.00286901
2009-07,0.01272573,-0.00457875,0.00041175,-0.0003576
2009-08,0.06984825,0.01196866,0.00036158,0.00448891
2009-09,0.04985065,0.00697556,0.00031167,0.00041357
2009-10,0.03214597,0.01039604,0.0003225,0.00174546
2009-11,-0.00357704,-0.01325607,0.00037917,0.00280851
2009-12,0.0447561,-0.00844398,0.00038083,0.00562414
